issuer_name,investment_description,asset_type,par_value,cost,current_value,units_or_shares,page_number,row_id,pdf_name,pdf_stem
BROKERAGE LINK  ACCOUNT,,Self-Directed Brokerage Account,,**,919465000,,380,4,AMAZON_401K_FORM5500_2024.pdf,AMAZON_401K_FORM5500_2024
PIMCO TOTAL RTN II,,Common/Collective Trust Fund,,**,261383000,,380,5,AMAZON_401K_FORM5500_2024.pdf,AMAZON_401K_FORM5500_2024
VANGUARD TARGET INC,,Common/Collective Trust Fund,,**,133475000,,380,6,AMAZON_401K_FORM5500_2024.pdf,AMAZON_401K_FORM5500_2024
VANGUARD TARGET 2020,,Common/Collective Trust Fund,,**,117070000,,380,7,AMAZON_401K_FORM5500_2024.pdf,AMAZON_401K_FORM5500_2024
VANGUARD TARGET 2025,,Common/Collective Trust Fund,,**,408188000,,380,8,AMAZON_401K_FORM5500_2024.pdf,AMAZON_401K_FORM5500_2024
VANGUARD TARGET 2030,,Common/Collective Trust Fund,,**,903324000,,380,9,AMAZON_401K_FORM5500_2024.pdf,AMAZON_401K_FORM5500_2024
VANGUARD TARGET 2035,,Common/Collective Trust Fund,,**,1522365000,,380,10,AMAZON_401K_FORM5500_2024.pdf,AMAZON_401K_FORM5500_2024
VANGUARD TARGET 2040,,Common/Collective Trust Fund,,**,2075308000,,380,11,AMAZON_401K_FORM5500_2024.pdf,AMAZON_401K_FORM5500_2024
VANGUARD TARGET 2045,,Common/Collective Trust Fund,,**,2955142000,,380,12,AMAZON_401K_FORM5500_2024.pdf,AMAZON_401K_FORM5500_2024
VANGUARD TARGET 2050,,Common/Collective Trust Fund,,**,3784002000,,380,13,AMAZON_401K_FORM5500_2024.pdf,AMAZON_401K_FORM5500_2024
VANGUARD TARGET 2055,,Common/Collective Trust Fund,,**,3890499000,,380,14,AMAZON_401K_FORM5500_2024.pdf,AMAZON_401K_FORM5500_2024
VANGUARD TARGET 2060,,Common/Collective Trust Fund,,**,2643382000,,380,15,AMAZON_401K_FORM5500_2024.pdf,AMAZON_401K_FORM5500_2024
VANGUARD TARGET 2065,,Common/Collective Trust Fund,,**,1142405000,,380,16,AMAZON_401K_FORM5500_2024.pdf,AMAZON_401K_FORM5500_2024
HARRIS OAKMRK INTL 3,,Common/Collective Trust Fund,,**,76869000,,380,17,AMAZON_401K_FORM5500_2024.pdf,AMAZON_401K_FORM5500_2024
VANG RET SVNG TR II,,Common/Collective Trust Fund,,**,422946000,,380,18,AMAZON_401K_FORM5500_2024.pdf,AMAZON_401K_FORM5500_2024
VANGUARD TARGET 2070,,Common/Collective Trust Fund,,**,123119000,,380,19,AMAZON_401K_FORM5500_2024.pdf,AMAZON_401K_FORM5500_2024
VANG SM VAL IDX INST,,Mutual Fund,,**,340985000,,380,20,AMAZON_401K_FORM5500_2024.pdf,AMAZON_401K_FORM5500_2024
VANG FTSE SOC IDX IS,,Mutual Fund,,**,873714000,,380,21,AMAZON_401K_FORM5500_2024.pdf,AMAZON_401K_FORM5500_2024
VG IS TL INTL STK MK,,Common/Collective Trust Fund,,**,634822000,,380,22,AMAZON_401K_FORM5500_2024.pdf,AMAZON_401K_FORM5500_2024
VG IS TOT BD MKT IDX,,Common/Collective Trust Fund,,**,313836000,,380,23,AMAZON_401K_FORM5500_2024.pdf,AMAZON_401K_FORM5500_2024
VANG INST 500 IDX TR,,Common/Collective Trust Fund,,**,4619443000,,380,24,AMAZON_401K_FORM5500_2024.pdf,AMAZON_401K_FORM5500_2024
VANG CR FED MM ADM,,Mutual Fund,,**,59815000,,380,25,AMAZON_401K_FORM5500_2024.pdf,AMAZON_401K_FORM5500_2024
VANG EXPLORER ADM,,Mutual Fund,,**,527308000,,380,26,AMAZON_401K_FORM5500_2024.pdf,AMAZON_401K_FORM5500_2024
AF EUROPAC GROWTH R6,,Mutual Fund,,**,180005000,,380,27,AMAZON_401K_FORM5500_2024.pdf,AMAZON_401K_FORM5500_2024
AMAZON.COM STOCK COMPANY STOCK FUND,,,,**,2701378000,,380,28,AMAZON_401K_FORM5500_2024.pdf,AMAZON_401K_FORM5500_2024
SSGA LG CAP VALUE COLLECTIVE TRUST FUND,,,,**,451719000,,380,29,AMAZON_401K_FORM5500_2024.pdf,AMAZON_401K_FORM5500_2024
SSGA LG CAP GROWTH COLLECTIVE TRUST FUND,,,,**,1822800000,,380,30,AMAZON_401K_FORM5500_2024.pdf,AMAZON_401K_FORM5500_2024
SSGA SM/MID CAP COLLECTIVE TRUST FUND,,,,**,262857000,,380,31,AMAZON_401K_FORM5500_2024.pdf,AMAZON_401K_FORM5500_2024
GALLIARD SHORT CORE FUND F (Fair value),,Common/Collective Trust Fund,,,"164,492,652",,287,2,APPLE_401K_Form5500_2024.pdf,APPLE_401K_Form5500_2024
GALLIARD INTERMEDIATE CORE FUND L (Fair value),,Common/Collective Trust Fund,,,"225,172,750",,287,3,APPLE_401K_Form5500_2024.pdf,APPLE_401K_Form5500_2024
WRAPPER,Other,,,,"18,606,825",,287,4,APPLE_401K_Form5500_2024.pdf,APPLE_401K_Form5500_2024
WF/BLACKROCK SHORT TERM INVESTMENT FUND S,,Common/Collective Trust Fund,,,"20,003,893",,287,6,APPLE_401K_Form5500_2024.pdf,APPLE_401K_Form5500_2024
BLACKROCK LIQ FDS FED FUND INST,Money Market,Mutual Fund,,,"15,175,497",,287,9,APPLE_401K_Form5500_2024.pdf,APPLE_401K_Form5500_2024
AECOM,,Common Stock,,,"6,389,331",,287,10,APPLE_401K_Form5500_2024.pdf,APPLE_401K_Form5500_2024
AIR PRODUCTS & CHEMICALS,,Common Stock,,,"23,424,791",,287,11,APPLE_401K_Form5500_2024.pdf,APPLE_401K_Form5500_2024
ALPHABET INC CL A,,Common Stock,,,"12,141,134",,287,12,APPLE_401K_Form5500_2024.pdf,APPLE_401K_Form5500_2024
AMERICAN EXPRESS CO,,Common Stock,,,"13,878,197",,287,13,APPLE_401K_Form5500_2024.pdf,APPLE_401K_Form5500_2024
AMERICAN INTL GROUP,,Common Stock,,,"13,019,698",,287,14,APPLE_401K_Form5500_2024.pdf,APPLE_401K_Form5500_2024
ELEVANCE HEALTH INC,,Common Stock,,,"10,435,443",,287,15,APPLE_401K_Form5500_2024.pdf,APPLE_401K_Form5500_2024
ARAMARK,,Common Stock,,,"6,858,548",,287,16,APPLE_401K_Form5500_2024.pdf,APPLE_401K_Form5500_2024
AVANTOR INC,,Common Stock,,,"16,591,277",,287,17,APPLE_401K_Form5500_2024.pdf,APPLE_401K_Form5500_2024
BANK OF AMERICA CORPORATI,,Common Stock,,,"22,861,384",,287,18,APPLE_401K_Form5500_2024.pdf,APPLE_401K_Form5500_2024
CARNIVAL CORP,,Common Stock,,,"25,709,454",,287,19,APPLE_401K_Form5500_2024.pdf,APPLE_401K_Form5500_2024
COGNIZANT TECH SOLUTIONS,,Common Stock,,,"8,601,573",,287,20,APPLE_401K_Form5500_2024.pdf,APPLE_401K_Form5500_2024
COMCAST CORP CL A,,Common Stock,,,"16,080,179",,287,21,APPLE_401K_Form5500_2024.pdf,APPLE_401K_Form5500_2024
ENBRIDGE INC,,Common Stock,,,"19,954,320",,287,22,APPLE_401K_Form5500_2024.pdf,APPLE_401K_Form5500_2024
ELECTRONIC ARTS INC,,Common Stock,,,"9,165,695",,287,23,APPLE_401K_Form5500_2024.pdf,APPLE_401K_Form5500_2024
ENTERGY CORP,,Common Stock,,,"25,392,573",,287,24,APPLE_401K_Form5500_2024.pdf,APPLE_401K_Form5500_2024
BANK OF NOVA SCOTIA,,Common Stock,,,"11,159,524",,287,25,APPLE_401K_Form5500_2024.pdf,APPLE_401K_Form5500_2024
EXXON MOBIL CORP,,Common Stock,,,"16,295,564",,287,26,APPLE_401K_Form5500_2024.pdf,APPLE_401K_Form5500_2024
FIDELITY NATL INFORM SVCS,,Common Stock,,,"21,420,931",,287,27,APPLE_401K_Form5500_2024.pdf,APPLE_401K_Form5500_2024
FORTIVE CORP,,Common Stock,,,"4,387,425",,287,28,APPLE_401K_Form5500_2024.pdf,APPLE_401K_Form5500_2024
HALLIBURTON CO,,Common Stock,,,"11,884,939",,287,29,APPLE_401K_Form5500_2024.pdf,APPLE_401K_Form5500_2024
HESS CORP,,Common Stock,,,"11,410,795",,287,30,APPLE_401K_Form5500_2024.pdf,APPLE_401K_Form5500_2024
HUNT J B TRANSPORT SVCS I,,Common Stock,,,"11,042,555",,287,31,APPLE_401K_Form5500_2024.pdf,APPLE_401K_Form5500_2024
JACOBS SOLUTIONS INC,,Common Stock,,,"11,310,399",,287,32,APPLE_401K_Form5500_2024.pdf,APPLE_401K_Form5500_2024
KEURIG DR PEPPER INC,,Common Stock,,,"22,026,129",,287,33,APPLE_401K_Form5500_2024.pdf,APPLE_401K_Form5500_2024
LAS VEGAS SANDS CORP,,Common Stock,,,"20,637,681",,287,34,APPLE_401K_Form5500_2024.pdf,APPLE_401K_Form5500_2024
LITHIA MOTORS INC CL A,,Common Stock,,,"17,118,395",,287,35,APPLE_401K_Form5500_2024.pdf,APPLE_401K_Form5500_2024
M&T BANK CORP,,Common Stock,,,"6,890,002",,287,36,APPLE_401K_Form5500_2024.pdf,APPLE_401K_Form5500_2024
MERCK & CO INC NEW,,Common Stock,,,"13,219,101",,287,37,APPLE_401K_Form5500_2024.pdf,APPLE_401K_Form5500_2024
MICROCHIP TECH,,Common Stock,,,"7,148,792",,287,38,APPLE_401K_Form5500_2024.pdf,APPLE_401K_Form5500_2024
ORACLE CORP,,Common Stock,,,"12,480,336",,287,39,APPLE_401K_Form5500_2024.pdf,APPLE_401K_Form5500_2024
PERMIAN RESOURCES CORP CL,,Common Stock,,,"9,086,693",,287,40,APPLE_401K_Form5500_2024.pdf,APPLE_401K_Form5500_2024
PHILIP MORRIS INTL INC,,Common Stock,,,"21,178,230",,287,41,APPLE_401K_Form5500_2024.pdf,APPLE_401K_Form5500_2024
PHILLIPS 66,,Common Stock,,,"8,190,428",,287,42,APPLE_401K_Form5500_2024.pdf,APPLE_401K_Form5500_2024
PINNACLE WEST CAPITAL COR,,Common Stock,,,"13,858,284",,287,43,APPLE_401K_Form5500_2024.pdf,APPLE_401K_Form5500_2024
PROLOGIS INC REIT,,Common Stock,,,"6,933,497",,287,44,APPLE_401K_Form5500_2024.pdf,APPLE_401K_Form5500_2024
PUBLIC STORAGE,,Common Stock,,,"12,359,685",,287,45,APPLE_401K_Form5500_2024.pdf,APPLE_401K_Form5500_2024
QUALCOMM INC,,Common Stock,,,"17,615,452",,287,46,APPLE_401K_Form5500_2024.pdf,APPLE_401K_Form5500_2024
SANOFI SPON ADR,,Common Stock,,,"13,942,714",,287,47,APPLE_401K_Form5500_2024.pdf,APPLE_401K_Form5500_2024
US BANCORP DEL,,Common Stock,,,"6,932,098",,287,48,APPLE_401K_Form5500_2024.pdf,APPLE_401K_Form5500_2024
UNITEDHEALTH GROUP INC,,Common Stock,,,"13,242,909",,287,49,APPLE_401K_Form5500_2024.pdf,APPLE_401K_Form5500_2024
VICI PPTYS INC,,Common Stock,,,"14,313,367",,287,50,APPLE_401K_Form5500_2024.pdf,APPLE_401K_Form5500_2024
WELLS FARGO & CO,,Common Stock,,,"10,344,666",,287,51,APPLE_401K_Form5500_2024.pdf,APPLE_401K_Form5500_2024
WYNN RESORTS LTD,,Common Stock,,,"10,187,989",,287,52,APPLE_401K_Form5500_2024.pdf,APPLE_401K_Form5500_2024
XCEL ENERGY INC,,Common Stock,,,"16,322,960",,287,53,APPLE_401K_Form5500_2024.pdf,APPLE_401K_Form5500_2024
CRH PLC,,Common Stock,,,"17,232,590",,288,1,APPLE_401K_Form5500_2024.pdf,APPLE_401K_Form5500_2024
WILLIS TOWERS WATSON PLC,,Common Stock,,,"10,428,699",,288,2,APPLE_401K_Form5500_2024.pdf,APPLE_401K_Form5500_2024
AXALTA COATING SYS LTD,,Common Stock,,,"12,219,722",,288,3,APPLE_401K_Form5500_2024.pdf,APPLE_401K_Form5500_2024
APTIV PLC,,Common Stock,,,"11,545,209",,288,4,APPLE_401K_Form5500_2024.pdf,APPLE_401K_Form5500_2024
MEDTRONIC PLC,,Common Stock,,,"9,980,287",,288,5,APPLE_401K_Form5500_2024.pdf,APPLE_401K_Form5500_2024
JOHNSON CONTROLS INTL PLC,,Common Stock,,,"17,189,060",,288,6,APPLE_401K_Form5500_2024.pdf,APPLE_401K_Form5500_2024
BLACKROCK LIQ FDS FED FUND INST,Money Market,Mutual Fund,,,"2,421,728",,288,9,APPLE_401K_Form5500_2024.pdf,APPLE_401K_Form5500_2024
ACV AUCTIONS INC CL A,,Common Stock,,,"5,411,448",,288,10,APPLE_401K_Form5500_2024.pdf,APPLE_401K_Form5500_2024
ACADIA HEALTHCARE CO INC,,Common Stock,,,"3,489,557",,288,11,APPLE_401K_Form5500_2024.pdf,APPLE_401K_Form5500_2024
ADVANCED DRAINAGE SYS INC,,Common Stock,,,"3,916,644",,288,12,APPLE_401K_Form5500_2024.pdf,APPLE_401K_Form5500_2024
AMICUS THERAPEUTICS INC,,Common Stock,,,"4,217,777",,288,13,APPLE_401K_Form5500_2024.pdf,APPLE_401K_Form5500_2024
AVANTOR INC,,Common Stock,,,"2,858,146",,288,14,APPLE_401K_Form5500_2024.pdf,APPLE_401K_Form5500_2024
AZEK CO INC,,Common Stock,,,"5,045,729",,288,15,APPLE_401K_Form5500_2024.pdf,APPLE_401K_Form5500_2024
BALDWIN INSURANCE GROUP I,,Common Stock,,,"3,802,860",,288,16,APPLE_401K_Form5500_2024.pdf,APPLE_401K_Form5500_2024
BWX TECH INC,,Common Stock,,,"3,886,843",,288,17,APPLE_401K_Form5500_2024.pdf,APPLE_401K_Form5500_2024
BIO TECHNE CORP,,Common Stock,,,"2,841,800",,288,18,APPLE_401K_Form5500_2024.pdf,APPLE_401K_Form5500_2024
BLUEPRINT MEDICINES CORP,,Common Stock,,,"5,090,595",,288,19,APPLE_401K_Form5500_2024.pdf,APPLE_401K_Form5500_2024
BRIGHT HORIZONS FAMILY SO,,Common Stock,,,"7,327,739",,288,20,APPLE_401K_Form5500_2024.pdf,APPLE_401K_Form5500_2024
BRINKS CO,,Common Stock,,,"5,167,567",,288,21,APPLE_401K_Form5500_2024.pdf,APPLE_401K_Form5500_2024
BURLINGTON STORES INC,,Common Stock,,,"3,646,488",,288,22,APPLE_401K_Form5500_2024.pdf,APPLE_401K_Form5500_2024
CF INDU HLDGS INC,,Common Stock,,,"5,876,244",,288,23,APPLE_401K_Form5500_2024.pdf,APPLE_401K_Form5500_2024
CARLYLE GROUP INC (THE),,Common Stock,,,"9,257,543",,288,24,APPLE_401K_Form5500_2024.pdf,APPLE_401K_Form5500_2024
CASELLA WASTE SYS INC CL,,Common Stock,,,"5,811,614",,288,25,APPLE_401K_Form5500_2024.pdf,APPLE_401K_Form5500_2024
CHART INDU INC,,Common Stock,,,"4,596,572",,288,26,APPLE_401K_Form5500_2024.pdf,APPLE_401K_Form5500_2024
CHEMED CORP,,Common Stock,,,"7,342,498",,288,27,APPLE_401K_Form5500_2024.pdf,APPLE_401K_Form5500_2024
CHURCHILL DOWNS INC,,Common Stock,,,"5,180,017",,288,28,APPLE_401K_Form5500_2024.pdf,APPLE_401K_Form5500_2024
CLEARWATER ANALYTICS HLDG,,Common Stock,,,"6,743,831",,288,29,APPLE_401K_Form5500_2024.pdf,APPLE_401K_Form5500_2024
COGNEX CORP,,Common Stock,,,"6,032,297",,288,30,APPLE_401K_Form5500_2024.pdf,APPLE_401K_Form5500_2024
CONFLUENT INC,,Common Stock,,,"7,882,120",,288,31,APPLE_401K_Form5500_2024.pdf,APPLE_401K_Form5500_2024
CAMECO CORP,,Common Stock,,,"4,228,061",,288,32,APPLE_401K_Form5500_2024.pdf,APPLE_401K_Form5500_2024
CURTISS WRIGHT CORPORATIO,,Common Stock,,,"4,054,035",,288,33,APPLE_401K_Form5500_2024.pdf,APPLE_401K_Form5500_2024
EVEREST GROUP LTD,,Common Stock,,,"6,227,788",,288,34,APPLE_401K_Form5500_2024.pdf,APPLE_401K_Form5500_2024
DOXIMITY INC,,Common Stock,,,"8,212,824",,288,35,APPLE_401K_Form5500_2024.pdf,APPLE_401K_Form5500_2024
DYNATRACE INC,,Common Stock,,,"8,099,020",,288,36,APPLE_401K_Form5500_2024.pdf,APPLE_401K_Form5500_2024
ELF BEAUTY INC,,Common Stock,,,"8,544,807",,288,37,APPLE_401K_Form5500_2024.pdf,APPLE_401K_Form5500_2024
EAGLE MATERIALS INC,,Common Stock,,,"3,139,034",,288,38,APPLE_401K_Form5500_2024.pdf,APPLE_401K_Form5500_2024
ENCOMPASS HEALTH CORP,,Common Stock,,,"4,454,225",,288,39,APPLE_401K_Form5500_2024.pdf,APPLE_401K_Form5500_2024
EPAM SYS INC,,Common Stock,,,"5,018,011",,288,40,APPLE_401K_Form5500_2024.pdf,APPLE_401K_Form5500_2024
EVOLENT HEALTH INC A,,Common Stock,,,"1,974,150",,288,41,APPLE_401K_Form5500_2024.pdf,APPLE_401K_Form5500_2024
EXACT SCIENCES CORP,,Common Stock,,,"5,488,583",,288,42,APPLE_401K_Form5500_2024.pdf,APPLE_401K_Form5500_2024
EXLSVCS HLDGS INC,,Common Stock,,,"6,872,687",,288,43,APPLE_401K_Form5500_2024.pdf,APPLE_401K_Form5500_2024
FLYWIRE CORP,,Common Stock,,,"6,212,291",,288,44,APPLE_401K_Form5500_2024.pdf,APPLE_401K_Form5500_2024
FOX FACTORY HLDGS CORP,,Common Stock,,,"2,043,528",,288,45,APPLE_401K_Form5500_2024.pdf,APPLE_401K_Form5500_2024
FRESHPET INC,,Common Stock,,,"4,792,988",,288,46,APPLE_401K_Form5500_2024.pdf,APPLE_401K_Form5500_2024
GLAUKOS CORP,,Common Stock,,,"4,422,630",,288,47,APPLE_401K_Form5500_2024.pdf,APPLE_401K_Form5500_2024
GLOBUS MEDICAL INC,,Common Stock,,,"2,558,551",,288,48,APPLE_401K_Form5500_2024.pdf,APPLE_401K_Form5500_2024
GUIDEWIRE SOFTWARE INC,,Common Stock,,,"3,882,735",,288,49,APPLE_401K_Form5500_2024.pdf,APPLE_401K_Form5500_2024
INSMED INC,,Common Stock,,,"4,667,794",,288,50,APPLE_401K_Form5500_2024.pdf,APPLE_401K_Form5500_2024
INSPIRE MEDICAL SYS INC,,Common Stock,,,"4,822,846",,288,51,APPLE_401K_Form5500_2024.pdf,APPLE_401K_Form5500_2024
INSULET CORP,,Common Stock,,,"5,629,452",,288,52,APPLE_401K_Form5500_2024.pdf,APPLE_401K_Form5500_2024
KOSMOS ENERGY LTD,,Common Stock,,,"2,330,795",,288,53,APPLE_401K_Form5500_2024.pdf,APPLE_401K_Form5500_2024
LANCASTER COLONY CORP,,Common Stock,,,"4,124,541",,288,54,APPLE_401K_Form5500_2024.pdf,APPLE_401K_Form5500_2024
LATTICE SEMICONDUCTOR COR,,Common Stock,,,"2,825,249",,288,55,APPLE_401K_Form5500_2024.pdf,APPLE_401K_Form5500_2024
LOUISIANA PACIFIC CORP,,Common Stock,,,"3,180,021",,288,56,APPLE_401K_Form5500_2024.pdf,APPLE_401K_Form5500_2024
MADRIGAL PHARMACEUTICALS,,Common Stock,,,"3,229,494",,288,57,APPLE_401K_Form5500_2024.pdf,APPLE_401K_Form5500_2024
MANHATTAN ASSIC INC,,Common Stock,,,"6,766,539",,288,58,APPLE_401K_Form5500_2024.pdf,APPLE_401K_Form5500_2024
MERCURY SYS INC,,Common Stock,,,"6,618,402",,288,59,APPLE_401K_Form5500_2024.pdf,APPLE_401K_Form5500_2024
MERIT MEDICAL SYS INC,,Common Stock,,,"333,491",,288,60,APPLE_401K_Form5500_2024.pdf,APPLE_401K_Form5500_2024
MUELLER INDU INC,,Common Stock,,,"6,474,109",,288,61,APPLE_401K_Form5500_2024.pdf,APPLE_401K_Form5500_2024
NEOGEN CORP,,Common Stock,,,"4,612,581",,288,62,APPLE_401K_Form5500_2024.pdf,APPLE_401K_Form5500_2024
NEW FORTRESS ENERGY INC,,Common Stock,,,"6,116,645",,288,63,APPLE_401K_Form5500_2024.pdf,APPLE_401K_Form5500_2024
NICE LTD SPON ADR,,Common Stock,,,"4,814,115",,288,64,APPLE_401K_Form5500_2024.pdf,APPLE_401K_Form5500_2024
NOVANTA INC,,Common Stock,,,"4,007,310",,288,65,APPLE_401K_Form5500_2024.pdf,APPLE_401K_Form5500_2024
PARSONS CORP,,Common Stock,,,"2,266,952",,288,66,APPLE_401K_Form5500_2024.pdf,APPLE_401K_Form5500_2024
PENUMBRA INC,,Common Stock,,,"5,152,129",,288,67,APPLE_401K_Form5500_2024.pdf,APPLE_401K_Form5500_2024
PLANET FITNESS INC CL A,,Common Stock,,,"5,758,980",,289,1,APPLE_401K_Form5500_2024.pdf,APPLE_401K_Form5500_2024
POOL CORP,,Common Stock,,,"5,775,865",,289,2,APPLE_401K_Form5500_2024.pdf,APPLE_401K_Form5500_2024
PRIMO BRANDS CORP A,,Common Stock,,,"9,254,924",,289,3,APPLE_401K_Form5500_2024.pdf,APPLE_401K_Form5500_2024
PURE STORAGE INC CL A,,Common Stock,,,"5,277,451",,289,4,APPLE_401K_Form5500_2024.pdf,APPLE_401K_Form5500_2024
Q2 HLDGS INC,,Common Stock,,,"5,878,564",,289,5,APPLE_401K_Form5500_2024.pdf,APPLE_401K_Form5500_2024
RANGE RESOURCES CORP,,Common Stock,,,"2,120,086",,289,6,APPLE_401K_Form5500_2024.pdf,APPLE_401K_Form5500_2024
REGAL REXNORD CORP,,Common Stock,,,"4,839,125",,289,7,APPLE_401K_Form5500_2024.pdf,APPLE_401K_Form5500_2024
REVOLVE GROUP INC,,Common Stock,,,"3,080,142",,289,8,APPLE_401K_Form5500_2024.pdf,APPLE_401K_Form5500_2024
STRIDE INC,,Common Stock,,,"7,212,014",,289,9,APPLE_401K_Form5500_2024.pdf,APPLE_401K_Form5500_2024
TPG INC,,Common Stock,,,"4,406,027",,289,10,APPLE_401K_Form5500_2024.pdf,APPLE_401K_Form5500_2024
TALEN ENERGY CORP,,Common Stock,,,"8,019,715",,289,11,APPLE_401K_Form5500_2024.pdf,APPLE_401K_Form5500_2024
TENABLE HLDGS INC,,Common Stock,,,"3,801,863",,289,12,APPLE_401K_Form5500_2024.pdf,APPLE_401K_Form5500_2024
TWIST BIOSCIENCE CORP,,Common Stock,,,"3,585,161",,289,13,APPLE_401K_Form5500_2024.pdf,APPLE_401K_Form5500_2024
VARONIS SYS INC,,Common Stock,,,"2,499,232",,289,14,APPLE_401K_Form5500_2024.pdf,APPLE_401K_Form5500_2024
WESTERN ALLIANCE BANCORP,,Common Stock,,,"4,338,483",,289,15,APPLE_401K_Form5500_2024.pdf,APPLE_401K_Form5500_2024
WHITECAP RESOURCES INC,,Common Stock,,,"4,492,423",,289,17,APPLE_401K_Form5500_2024.pdf,APPLE_401K_Form5500_2024
NVENT ELECTRIC PLC,,Common Stock,,,"5,723,872",,289,18,APPLE_401K_Form5500_2024.pdf,APPLE_401K_Form5500_2024
FIRSTSVCS CORP,,Common Stock,,,"3,271,212",,289,19,APPLE_401K_Form5500_2024.pdf,APPLE_401K_Form5500_2024
CREDO TECH GROUP HLDGS LT,,Common Stock,,,"3,154,905",,289,20,APPLE_401K_Form5500_2024.pdf,APPLE_401K_Form5500_2024
FTAI AVIATION LTD,,Common Stock,,,"4,791,203",,289,21,APPLE_401K_Form5500_2024.pdf,APPLE_401K_Form5500_2024
SHARKNINJA INC,,Common Stock,,,"7,792,208",,289,22,APPLE_401K_Form5500_2024.pdf,APPLE_401K_Form5500_2024
ABIOMED INC CVR,,Common Stock,,,"26,693",,289,23,APPLE_401K_Form5500_2024.pdf,APPLE_401K_Form5500_2024
CANADIAN DOLLAR,,Currency,,,"26,801",,289,24,APPLE_401K_Form5500_2024.pdf,APPLE_401K_Form5500_2024
BLACKROCK GLOBAL LIFEPATH INDEX 2030 ACCOUNT A,,Common/Collective Trust Fund,,,"645,682,070",,289,27,APPLE_401K_Form5500_2024.pdf,APPLE_401K_Form5500_2024
BLACKROCK GLOBAL LIFEPATH INDEX 2035 ACCOUNT A,,Common/Collective Trust Fund,,,"1,045,075,670",,289,28,APPLE_401K_Form5500_2024.pdf,APPLE_401K_Form5500_2024
BLACKROCK GLOBAL LIFEPATH INDEX 2040 ACCOUNT A,,Common/Collective Trust Fund,,,"1,419,690,850",,289,29,APPLE_401K_Form5500_2024.pdf,APPLE_401K_Form5500_2024
BLACKROCK GLOBAL LIFEPATH INDEX 2045 ACCOUNT A,,Common/Collective Trust Fund,,,"2,045,796,418",,289,30,APPLE_401K_Form5500_2024.pdf,APPLE_401K_Form5500_2024
BLACKROCK GLOBAL LIFEPATH INDEX 2050 ACCOUNT A,,Common/Collective Trust Fund,,,"2,210,681,079",,289,31,APPLE_401K_Form5500_2024.pdf,APPLE_401K_Form5500_2024
BLACKROCK GLOBAL LIFEPATH INDEX 2055 ACCOUNT A,,Common/Collective Trust Fund,,,"1,792,881,512",,289,32,APPLE_401K_Form5500_2024.pdf,APPLE_401K_Form5500_2024
BLACKROCK GLOBAL LIFEPATH INDEX 2060 ACCOUNT A,,Common/Collective Trust Fund,,,"750,093,690",,289,33,APPLE_401K_Form5500_2024.pdf,APPLE_401K_Form5500_2024
BLACKROCK GLOBAL LIFEPATH INDEX 2065 ACCOUNT A,,Common/Collective Trust Fund,,,"188,912,567",,289,34,APPLE_401K_Form5500_2024.pdf,APPLE_401K_Form5500_2024
BLACKROCK GLOBAL LIFEPATH INDEX 2070 ACCOUNT A,,Common/Collective Trust Fund,,,"808,337",,289,35,APPLE_401K_Form5500_2024.pdf,APPLE_401K_Form5500_2024
BLACKROCK GLOBAL LIFEPATH INDEX RETIREMENT ACCOUNT A,,Common/Collective Trust Fund,,,"603,682,318",,289,36,APPLE_401K_Form5500_2024.pdf,APPLE_401K_Form5500_2024
VANGUARD TOTAL BOND MARKET INDEX TRUST,,Common/Collective Trust Fund,,,"664,853,880",,289,37,APPLE_401K_Form5500_2024.pdf,APPLE_401K_Form5500_2024
EATON VANCE HIGH YIELD CIT V,,Common/Collective Trust Fund,,,"189,399,346",,289,38,APPLE_401K_Form5500_2024.pdf,APPLE_401K_Form5500_2024
LOOMIS SAYLES CORE PLUS FIXED INCOME CIT F,,Common/Collective Trust Fund,,,"121,417,287",,289,39,APPLE_401K_Form5500_2024.pdf,APPLE_401K_Form5500_2024
VANGUARD INSTITUTIONAL 500 INDEX TRUST,,Common/Collective Trust Fund,,,"4,613,509,075",,289,40,APPLE_401K_Form5500_2024.pdf,APPLE_401K_Form5500_2024
FIDELITY CONTRA COMM POOL CL 3 *,,Common/Collective Trust Fund,,,"2,377,608,831",,289,41,APPLE_401K_Form5500_2024.pdf,APPLE_401K_Form5500_2024
AB US SMALL AND MID CAP VALUE CIT (W SERIES),,Common/Collective Trust Fund,,,"256,159,778",,289,42,APPLE_401K_Form5500_2024.pdf,APPLE_401K_Form5500_2024
VANGUARD EXTENDED MARKET INDEX TRUST,,Common/Collective Trust Fund,,,"1,110,308,398",,289,43,APPLE_401K_Form5500_2024.pdf,APPLE_401K_Form5500_2024
BAILLIE GIFFORD INTERNATIONAL ALPHA CIT C,,Common/Collective Trust Fund,,,"306,532,425",,289,44,APPLE_401K_Form5500_2024.pdf,APPLE_401K_Form5500_2024
VANGUARD TOTAL INTL STOCK INDEX TRUST,,Common/Collective Trust Fund,,,"925,475,217",,289,45,APPLE_401K_Form5500_2024.pdf,APPLE_401K_Form5500_2024
BNY MELLON EB GLOBAL REAL ESTATE SEC II,,Common/Collective Trust Fund,,,"191,035,921",,289,46,APPLE_401K_Form5500_2024.pdf,APPLE_401K_Form5500_2024
BROKERGE ACCOUNT Various Accounts,,,,,"1,501,788,068",,289,47,APPLE_401K_Form5500_2024.pdf,APPLE_401K_Form5500_2024
Participant Loans * Interest rates ranging from 4.25% to 9.50%,,,,,"225,673,912",,289,49,APPLE_401K_Form5500_2024.pdf,APPLE_401K_Form5500_2024
Nuveen,Large Cap Responsible Equity Fund R6,,,,"273,217,178",,85,3,GOOGLE_401K_Form5500_2024.pdf,GOOGLE_401K_Form5500_2024
PIMCO,Income Fund Institutional Class,,,,"2,918,233",,85,4,GOOGLE_401K_Form5500_2024.pdf,GOOGLE_401K_Form5500_2024
"* The Vanguard Group, Inc.",500  Institutional Select,Index Fund,,,"8,503,979,330",,85,5,GOOGLE_401K_Form5500_2024.pdf,GOOGLE_401K_Form5500_2024
"* The Vanguard Group, Inc.",Cash Reserves Federal MM Fund Admiral,,,,"8,042,685",,85,6,GOOGLE_401K_Form5500_2024.pdf,GOOGLE_401K_Form5500_2024
"* The Vanguard Group, Inc.",Emerging Markets  Institutional Plus,Index Fund,,,"464,235,808",,85,7,GOOGLE_401K_Form5500_2024.pdf,GOOGLE_401K_Form5500_2024
"* The Vanguard Group, Inc.",Real Estate  Institutional,Index Fund,,,"370,472,575",,85,8,GOOGLE_401K_Form5500_2024.pdf,GOOGLE_401K_Form5500_2024
"* The Vanguard Group, Inc.",Total International Bond  Institutional,Index Fund,,,"179,272,982",,85,9,GOOGLE_401K_Form5500_2024.pdf,GOOGLE_401K_Form5500_2024
"* The Vanguard Group, Inc.",Wellesley Income Fund Admiral,,,,"519,010,734",,85,10,GOOGLE_401K_Form5500_2024.pdf,GOOGLE_401K_Form5500_2024
"* The Vanguard Group, Inc.",Target Retirement Trust 2020,,,,"114,140,981",,85,12,GOOGLE_401K_Form5500_2024.pdf,GOOGLE_401K_Form5500_2024
"* The Vanguard Group, Inc.",Target Retirement Trust 2025,,,,"378,777,049",,85,13,GOOGLE_401K_Form5500_2024.pdf,GOOGLE_401K_Form5500_2024
"* The Vanguard Group, Inc.",Target Retirement Trust 2030,,,,"977,414,959",,85,14,GOOGLE_401K_Form5500_2024.pdf,GOOGLE_401K_Form5500_2024
"* The Vanguard Group, Inc.",Target Retirement Trust 2035,,,,"1,929,227,711",,85,15,GOOGLE_401K_Form5500_2024.pdf,GOOGLE_401K_Form5500_2024
"* The Vanguard Group, Inc.",Target Retirement Trust 2040,,,,"3,324,929,052",,85,16,GOOGLE_401K_Form5500_2024.pdf,GOOGLE_401K_Form5500_2024
"* The Vanguard Group, Inc.",Target Retirement Trust 2045,,,,"5,564,612,228",,85,17,GOOGLE_401K_Form5500_2024.pdf,GOOGLE_401K_Form5500_2024
"* The Vanguard Group, Inc.",Target Retirement Trust 2050,,,,"7,148,528,242",,85,18,GOOGLE_401K_Form5500_2024.pdf,GOOGLE_401K_Form5500_2024
"* The Vanguard Group, Inc.",Target Retirement Trust 2055,,,,"6,534,271,702",,85,19,GOOGLE_401K_Form5500_2024.pdf,GOOGLE_401K_Form5500_2024
"* The Vanguard Group, Inc.",Target Retirement Trust 2060,,,,"3,681,769,161",,85,20,GOOGLE_401K_Form5500_2024.pdf,GOOGLE_401K_Form5500_2024
"* The Vanguard Group, Inc.",Target Retirement Trust 2065,,,,"716,454,591",,85,21,GOOGLE_401K_Form5500_2024.pdf,GOOGLE_401K_Form5500_2024
"* The Vanguard Group, Inc.",Target Retirement Trust 2070,,,,"26,991,926",,85,22,GOOGLE_401K_Form5500_2024.pdf,GOOGLE_401K_Form5500_2024
"* The Vanguard Group, Inc.",Target Retirement Income and Growth Trust,,,,"5,220,137",,85,23,GOOGLE_401K_Form5500_2024.pdf,GOOGLE_401K_Form5500_2024
"* The Vanguard Group, Inc.",Target Retirement Income Trust,,,,"98,049,336",,85,24,GOOGLE_401K_Form5500_2024.pdf,GOOGLE_401K_Form5500_2024
"* The Vanguard Group, Inc.",Developed Markets Index Trust,,,,"1,338,290,465",,85,25,GOOGLE_401K_Form5500_2024.pdf,GOOGLE_401K_Form5500_2024
"* The Vanguard Group, Inc.",Institutional Extended Market Index Trust,,,,"1,659,528,719",,85,26,GOOGLE_401K_Form5500_2024.pdf,GOOGLE_401K_Form5500_2024
"* The Vanguard Group, Inc.",Institutional Total Bond Market Index Trust,,,,"981,968,934",,85,27,GOOGLE_401K_Form5500_2024.pdf,GOOGLE_401K_Form5500_2024
"* The Vanguard Group, Inc.",Retirement Savings Trust II,,,,"400,434,346",,85,28,GOOGLE_401K_Form5500_2024.pdf,GOOGLE_401K_Form5500_2024
EARNEST Partners,"Smid Cap Core Fund, Founders Class",,,,"264,305,773",,85,30,GOOGLE_401K_Form5500_2024.pdf,GOOGLE_401K_Form5500_2024
Metropolitan West Funds,MetWest Total Return Bond Fund (CIT),,,,"87,955,982",,85,31,GOOGLE_401K_Form5500_2024.pdf,GOOGLE_401K_Form5500_2024
"* The Vanguard Group, Inc.",Parnassus US Large Cap,,,,"785,845,403",,85,33,GOOGLE_401K_Form5500_2024.pdf,GOOGLE_401K_Form5500_2024
* Vanguard Brokerage Option,Self Directed Brokerage Accounts,,,,"1,891,033,914",,85,35,GOOGLE_401K_Form5500_2024.pdf,GOOGLE_401K_Form5500_2024
