issuer_name,investment_description,asset_type,par_value,cost,current_value,units_or_shares,page_number,row_id,pdf_name,pdf_stem,sponsor_ein,plan_number,plan_year,sponsor,plan_name,maturity
,,,,,,,35,3,20220708124640NAL0018324257001.pdf,20220708124640NAL0018324257001,,001,2024,,,
,,,,,,,35,8,20220708124640NAL0018324257001.pdf,20220708124640NAL0018324257001,,001,2024,,,
,,,,,,,41,3,20220708124640NAL0018324257001.pdf,20220708124640NAL0018324257001,,001,2024,,,
,,,,,,,41,5,20220708124640NAL0018324257001.pdf,20220708124640NAL0018324257001,,001,2024,,,
,,,,,,,41,6,20220708124640NAL0018324257001.pdf,20220708124640NAL0018324257001,,001,2024,,,
,,,,,"Enter the EIN(s) of payor(s) who paid benefits on behalf of the plan to participants or beneficiaries during the year (if more than two, enter EINs of the",,43,4,20220708124640NAL0018324257001.pdf,20220708124640NAL0018324257001,,001,2024,,,
,,,,,"Number of participants (living or deceased) whose benefits were distributed in a single sum, during the plan",,43,8,20220708124640NAL0018324257001.pdf,20220708124640NAL0018324257001,,001,2024,,,
,,,,,X Yes X No X N/A,,43,13,20220708124640NAL0018324257001.pdf,20220708124640NAL0018324257001,,001,2024,,,
,,,,,If a waiver of the minimum funding standard for a prior year is being amortized in this,,43,15,20220708124640NAL0018324257001.pdf,20220708124640NAL0018324257001,,001,2024,,,
,,,,,,,10,7,20250520131349NAL0001242561001.pdf,20250520131349NAL0001242561001,34-0963169,001,2024,"’s name (employer, if for a single-employer plan) 2b Employer Identification",1b Three-digit plan,
,,,,,,,15,6,20250520131349NAL0001242561001.pdf,20250520131349NAL0001242561001,34-0963169,001,2024,"’s name (employer, if for a single-employer plan) 2b Employer Identification",1b Three-digit plan,
,,,,,,,15,8,20250520131349NAL0001242561001.pdf,20250520131349NAL0001242561001,34-0963169,001,2024,"’s name (employer, if for a single-employer plan) 2b Employer Identification",1b Three-digit plan,
,,,,,,,15,18,20250520131349NAL0001242561001.pdf,20250520131349NAL0001242561001,34-0963169,001,2024,"’s name (employer, if for a single-employer plan) 2b Employer Identification",1b Three-digit plan,
,,,,,,,17,2,20250520131349NAL0001242561001.pdf,20250520131349NAL0001242561001,34-0963169,001,2024,"’s name (employer, if for a single-employer plan) 2b Employer Identification",1b Three-digit plan,
,,,,,,,17,3,20250520131349NAL0001242561001.pdf,20250520131349NAL0001242561001,34-0963169,001,2024,"’s name (employer, if for a single-employer plan) 2b Employer Identification",1b Three-digit plan,
,,,,,,,17,4,20250520131349NAL0001242561001.pdf,20250520131349NAL0001242561001,34-0963169,001,2024,"’s name (employer, if for a single-employer plan) 2b Employer Identification",1b Three-digit plan,
,,,,,,,17,6,20250520131349NAL0001242561001.pdf,20250520131349NAL0001242561001,34-0963169,001,2024,"’s name (employer, if for a single-employer plan) 2b Employer Identification",1b Three-digit plan,
,,,,,,,17,8,20250520131349NAL0001242561001.pdf,20250520131349NAL0001242561001,34-0963169,001,2024,"’s name (employer, if for a single-employer plan) 2b Employer Identification",1b Three-digit plan,
,,,,,,,18,11,20250520131349NAL0001242561001.pdf,20250520131349NAL0001242561001,34-0963169,001,2024,"’s name (employer, if for a single-employer plan) 2b Employer Identification",1b Three-digit plan,
,,,,,,,242,7,20250718162013NAL0002163953001.pdf,20250718162013NAL0002163953001,41-6011072,2,2024,"’s name (employer, if for a single-employer plan) 2b Employer Identification",1b Three-digit plan,
,,,,,,,247,6,20250718162013NAL0002163953001.pdf,20250718162013NAL0002163953001,41-6011072,2,2024,"’s name (employer, if for a single-employer plan) 2b Employer Identification",1b Three-digit plan,
,,,,,,,247,12,20250718162013NAL0002163953001.pdf,20250718162013NAL0002163953001,41-6011072,2,2024,"’s name (employer, if for a single-employer plan) 2b Employer Identification",1b Three-digit plan,
,,,,,,,249,3,20250718162013NAL0002163953001.pdf,20250718162013NAL0002163953001,41-6011072,2,2024,"’s name (employer, if for a single-employer plan) 2b Employer Identification",1b Three-digit plan,
,,,,,,,250,11,20250718162013NAL0002163953001.pdf,20250718162013NAL0002163953001,41-6011072,2,2024,"’s name (employer, if for a single-employer plan) 2b Employer Identification",1b Three-digit plan,
,,,,,,,273,1,20250718162013NAL0002163953001.pdf,20250718162013NAL0002163953001,41-6011072,2,2024,"’s name (employer, if for a single-employer plan) 2b Employer Identification",1b Three-digit plan,
,,,,,,,273,2,20250718162013NAL0002163953001.pdf,20250718162013NAL0002163953001,41-6011072,2,2024,"’s name (employer, if for a single-employer plan) 2b Employer Identification",1b Three-digit plan,
,,,,,,,273,3,20250718162013NAL0002163953001.pdf,20250718162013NAL0002163953001,41-6011072,2,2024,"’s name (employer, if for a single-employer plan) 2b Employer Identification",1b Three-digit plan,
,,,,,,,273,4,20250718162013NAL0002163953001.pdf,20250718162013NAL0002163953001,41-6011072,2,2024,"’s name (employer, if for a single-employer plan) 2b Employer Identification",1b Three-digit plan,
,,,,,,,273,5,20250718162013NAL0002163953001.pdf,20250718162013NAL0002163953001,41-6011072,2,2024,"’s name (employer, if for a single-employer plan) 2b Employer Identification",1b Three-digit plan,
,,,,,,,273,6,20250718162013NAL0002163953001.pdf,20250718162013NAL0002163953001,41-6011072,2,2024,"’s name (employer, if for a single-employer plan) 2b Employer Identification",1b Three-digit plan,
,,,,,,,273,7,20250718162013NAL0002163953001.pdf,20250718162013NAL0002163953001,41-6011072,2,2024,"’s name (employer, if for a single-employer plan) 2b Employer Identification",1b Three-digit plan,
,,,,,,,273,8,20250718162013NAL0002163953001.pdf,20250718162013NAL0002163953001,41-6011072,2,2024,"’s name (employer, if for a single-employer plan) 2b Employer Identification",1b Three-digit plan,
,,,,,,,273,9,20250718162013NAL0002163953001.pdf,20250718162013NAL0002163953001,41-6011072,2,2024,"’s name (employer, if for a single-employer plan) 2b Employer Identification",1b Three-digit plan,
,,,,,,,273,10,20250718162013NAL0002163953001.pdf,20250718162013NAL0002163953001,41-6011072,2,2024,"’s name (employer, if for a single-employer plan) 2b Employer Identification",1b Three-digit plan,
,,,,,,,273,11,20250718162013NAL0002163953001.pdf,20250718162013NAL0002163953001,41-6011072,2,2024,"’s name (employer, if for a single-employer plan) 2b Employer Identification",1b Three-digit plan,
,,,,,,,273,12,20250718162013NAL0002163953001.pdf,20250718162013NAL0002163953001,41-6011072,2,2024,"’s name (employer, if for a single-employer plan) 2b Employer Identification",1b Three-digit plan,
,,,,,,,273,13,20250718162013NAL0002163953001.pdf,20250718162013NAL0002163953001,41-6011072,2,2024,"’s name (employer, if for a single-employer plan) 2b Employer Identification",1b Three-digit plan,
,,,,,,,273,14,20250718162013NAL0002163953001.pdf,20250718162013NAL0002163953001,41-6011072,2,2024,"’s name (employer, if for a single-employer plan) 2b Employer Identification",1b Three-digit plan,
,,,,,,,273,15,20250718162013NAL0002163953001.pdf,20250718162013NAL0002163953001,41-6011072,2,2024,"’s name (employer, if for a single-employer plan) 2b Employer Identification",1b Three-digit plan,
,,,,,,,273,16,20250718162013NAL0002163953001.pdf,20250718162013NAL0002163953001,41-6011072,2,2024,"’s name (employer, if for a single-employer plan) 2b Employer Identification",1b Three-digit plan,
,,,,,,,273,17,20250718162013NAL0002163953001.pdf,20250718162013NAL0002163953001,41-6011072,2,2024,"’s name (employer, if for a single-employer plan) 2b Employer Identification",1b Three-digit plan,
,,,,,,,273,18,20250718162013NAL0002163953001.pdf,20250718162013NAL0002163953001,41-6011072,2,2024,"’s name (employer, if for a single-employer plan) 2b Employer Identification",1b Three-digit plan,
,,,,,,,273,19,20250718162013NAL0002163953001.pdf,20250718162013NAL0002163953001,41-6011072,2,2024,"’s name (employer, if for a single-employer plan) 2b Employer Identification",1b Three-digit plan,
,,,,,,,273,20,20250718162013NAL0002163953001.pdf,20250718162013NAL0002163953001,41-6011072,2,2024,"’s name (employer, if for a single-employer plan) 2b Employer Identification",1b Three-digit plan,
,,,,,,,273,21,20250718162013NAL0002163953001.pdf,20250718162013NAL0002163953001,41-6011072,2,2024,"’s name (employer, if for a single-employer plan) 2b Employer Identification",1b Three-digit plan,
,,,,,,,273,22,20250718162013NAL0002163953001.pdf,20250718162013NAL0002163953001,41-6011072,2,2024,"’s name (employer, if for a single-employer plan) 2b Employer Identification",1b Three-digit plan,
,,,,,,,273,23,20250718162013NAL0002163953001.pdf,20250718162013NAL0002163953001,41-6011072,2,2024,"’s name (employer, if for a single-employer plan) 2b Employer Identification",1b Three-digit plan,
,,,,,,,273,24,20250718162013NAL0002163953001.pdf,20250718162013NAL0002163953001,41-6011072,2,2024,"’s name (employer, if for a single-employer plan) 2b Employer Identification",1b Three-digit plan,
,,,,,,,273,25,20250718162013NAL0002163953001.pdf,20250718162013NAL0002163953001,41-6011072,2,2024,"’s name (employer, if for a single-employer plan) 2b Employer Identification",1b Three-digit plan,
,,,,,,,273,26,20250718162013NAL0002163953001.pdf,20250718162013NAL0002163953001,41-6011072,2,2024,"’s name (employer, if for a single-employer plan) 2b Employer Identification",1b Three-digit plan,
,,,,,,,273,27,20250718162013NAL0002163953001.pdf,20250718162013NAL0002163953001,41-6011072,2,2024,"’s name (employer, if for a single-employer plan) 2b Employer Identification",1b Three-digit plan,
,,,,,,,273,28,20250718162013NAL0002163953001.pdf,20250718162013NAL0002163953001,41-6011072,2,2024,"’s name (employer, if for a single-employer plan) 2b Employer Identification",1b Three-digit plan,
,,,,,,,273,29,20250718162013NAL0002163953001.pdf,20250718162013NAL0002163953001,41-6011072,2,2024,"’s name (employer, if for a single-employer plan) 2b Employer Identification",1b Three-digit plan,
,,,,,,,59,7,20250901141031NAL0013656881001.pdf,20250901141031NAL0013656881001,94-1340523,001,2024,"’s name (employer, if for a single-employer plan) 2b Employer Identification",1b Three-digit plan,
,,,,,,,64,6,20250901141031NAL0013656881001.pdf,20250901141031NAL0013656881001,94-1340523,001,2024,"’s name (employer, if for a single-employer plan) 2b Employer Identification",1b Three-digit plan,
,,,5b(1) Name of plan(s),,,,66,2,20250901141031NAL0013656881001.pdf,20250901141031NAL0013656881001,94-1340523,001,2024,"’s name (employer, if for a single-employer plan) 2b Employer Identification",1b Three-digit plan,
,,,,,,,66,3,20250901141031NAL0013656881001.pdf,20250901141031NAL0013656881001,94-1340523,001,2024,"’s name (employer, if for a single-employer plan) 2b Employer Identification",1b Three-digit plan,
,,,ABCDEFGHI ABCDEFGHI ABCDEFGHI ABCDEFGHI ABCDEFGHI ABCDEFGHI,,,,66,4,20250901141031NAL0013656881001.pdf,20250901141031NAL0013656881001,94-1340523,001,2024,"’s name (employer, if for a single-employer plan) 2b Employer Identification",1b Three-digit plan,
,,,ABCDEFGHI ABCDEFGHI ABCDEFGHI ABCDEFGHI ABCDEFGHI ABCDEFGHI,,,,66,6,20250901141031NAL0013656881001.pdf,20250901141031NAL0013656881001,94-1340523,001,2024,"’s name (employer, if for a single-employer plan) 2b Employer Identification",1b Three-digit plan,
,,,ABCDEFGHI ABCDEFGHI ABCDEFGHI ABCDEFGHI ABCDEFGHI ABCDEFGHII,,,,66,8,20250901141031NAL0013656881001.pdf,20250901141031NAL0013656881001,94-1340523,001,2024,"’s name (employer, if for a single-employer plan) 2b Employer Identification",1b Three-digit plan,
,,,,,,,67,11,20250901141031NAL0013656881001.pdf,20250901141031NAL0013656881001,94-1340523,001,2024,"’s name (employer, if for a single-employer plan) 2b Employer Identification",1b Three-digit plan,
Total investments per financial statements,,,,,"21,984,270,720",,73,26,20250901141031NAL0013656881001.pdf,20250901141031NAL0013656881001,94-1340523,001,2024,"’s name (employer, if for a single-employer plan) 2b Employer Identification",1b Three-digit plan,
Total investments per Form 5500,,,,,"22,498,452,230",,73,29,20250901141031NAL0013656881001.pdf,20250901141031NAL0013656881001,94-1340523,001,2024,"’s name (employer, if for a single-employer plan) 2b Employer Identification",1b Three-digit plan,
Total investments per financial statements,,,,,"21,984,270,720",,89,26,20250901141031NAL0013656881001.pdf,20250901141031NAL0013656881001,94-1340523,001,2024,"’s name (employer, if for a single-employer plan) 2b Employer Identification",1b Three-digit plan,
Total investments per Form 5500,,,,,"22,498,452,230",,89,29,20250901141031NAL0013656881001.pdf,20250901141031NAL0013656881001,94-1340523,001,2024,"’s name (employer, if for a single-employer plan) 2b Employer Identification",1b Three-digit plan,
,,,,,,,10,7,20250910120233NAL0013422467001.pdf,20250910120233NAL0013422467001,,001,2024,,,
,,,,,,,16,6,20250910120233NAL0013422467001.pdf,20250910120233NAL0013422467001,,001,2024,,,
,,,,,,,16,12,20250910120233NAL0013422467001.pdf,20250910120233NAL0013422467001,,001,2024,,,
,,,,,,,16,14,20250910120233NAL0013422467001.pdf,20250910120233NAL0013422467001,,001,2024,,,
,,,,,,,18,3,20250910120233NAL0013422467001.pdf,20250910120233NAL0013422467001,,001,2024,,,
,,,,,,,15,3,20250918135045NAL0001406529001.pdf,20250918135045NAL0001406529001,94-2788907,001,2024,Sutter Health,1b Three-digit plan,
,,,,,,,16,11,20250918135045NAL0001406529001.pdf,20250918135045NAL0001406529001,94-2788907,001,2024,Sutter Health,1b Three-digit plan,
,,,,,,,61,7,20250925101201NAL0008396353001.pdf,20250925101201NAL0008396353001,,001,2024,,,
,,,,,,,69,3,20250925101201NAL0008396353001.pdf,20250925101201NAL0008396353001,,001,2024,,,
,,,,,,,70,11,20250925101201NAL0008396353001.pdf,20250925101201NAL0008396353001,,001,2024,,,
,,,,,,,88,1,20250925101201NAL0008396353001.pdf,20250925101201NAL0008396353001,,001,2024,,,
,,,,,,,88,2,20250925101201NAL0008396353001.pdf,20250925101201NAL0008396353001,,001,2024,,,
,,,,,,,88,3,20250925101201NAL0008396353001.pdf,20250925101201NAL0008396353001,,001,2024,,,
,,,,,,,88,4,20250925101201NAL0008396353001.pdf,20250925101201NAL0008396353001,,001,2024,,,
,,,,,,,88,5,20250925101201NAL0008396353001.pdf,20250925101201NAL0008396353001,,001,2024,,,
,,,,,,,88,6,20250925101201NAL0008396353001.pdf,20250925101201NAL0008396353001,,001,2024,,,
,,,,,,,88,7,20250925101201NAL0008396353001.pdf,20250925101201NAL0008396353001,,001,2024,,,
,,,,,,,88,8,20250925101201NAL0008396353001.pdf,20250925101201NAL0008396353001,,001,2024,,,
,,,,,,,88,9,20250925101201NAL0008396353001.pdf,20250925101201NAL0008396353001,,001,2024,,,
,,,,,,,88,10,20250925101201NAL0008396353001.pdf,20250925101201NAL0008396353001,,001,2024,,,
,,,,,,,88,11,20250925101201NAL0008396353001.pdf,20250925101201NAL0008396353001,,001,2024,,,
,,,,,,,88,12,20250925101201NAL0008396353001.pdf,20250925101201NAL0008396353001,,001,2024,,,
,,,,,,,88,13,20250925101201NAL0008396353001.pdf,20250925101201NAL0008396353001,,001,2024,,,
,,,,,,,88,14,20250925101201NAL0008396353001.pdf,20250925101201NAL0008396353001,,001,2024,,,
,Total Mutual Funds,Mutual Fund,,,"5,482,286,881",,88,17,20250925101201NAL0008396353001.pdf,20250925101201NAL0008396353001,,001,2024,,,
,Total Collective/Common Trust Funds,Common/Collective Trust Fund,,,"3,215,712,450",,88,33,20250925101201NAL0008396353001.pdf,20250925101201NAL0008396353001,,001,2024,,,
,"Total Lincoln Financial Group, BVW0010G",,,,"150,913,503",,89,9,20250925101201NAL0008396353001.pdf,20250925101201NAL0008396353001,,001,2024,,,
,"Total The Prudential Insurance Company of America, GA-63058",,,,"150,972,376",,89,17,20250925101201NAL0008396353001.pdf,20250925101201NAL0008396353001,,001,2024,,,
,"Total Transamerica Life Insurance Company, FDA00117TR",,,,"141,377,611",,89,26,20250925101201NAL0008396353001.pdf,20250925101201NAL0008396353001,,001,2024,,,
,"Total Voya Retirement Insurance and Annuity Company, MCA-60441",,,,"148,863,192",,89,34,20250925101201NAL0008396353001.pdf,20250925101201NAL0008396353001,,001,2024,,,
,,Total Fully Benefit-Responsive Investments with Financial Institutions,,,"592,126,682",,89,35,20250925101201NAL0008396353001.pdf,20250925101201NAL0008396353001,,001,2024,,,
,Total,,,,"$ 10,233,314,042",,90,9,20250925101201NAL0008396353001.pdf,20250925101201NAL0008396353001,,001,2024,,,nan
,,,,,,,16,7,20251006141123NAL0003741777001.pdf,20251006141123NAL0003741777001,,001,2024,,,
,,,,,,,23,3,20251006141123NAL0003741777001.pdf,20251006141123NAL0003741777001,,001,2024,,,
,,,,,,,14,7,20251008102359NAL0009553392001.pdf,20251008102359NAL0009553392001,23-1352685,1,2024,"’s name (employer, if for a single-employer plan) 2b Employer Identification",1b Three-digit plan,
,,,,,,,19,6,20251008102359NAL0009553392001.pdf,20251008102359NAL0009553392001,23-1352685,1,2024,"’s name (employer, if for a single-employer plan) 2b Employer Identification",1b Three-digit plan,
,,,,,,,19,8,20251008102359NAL0009553392001.pdf,20251008102359NAL0009553392001,23-1352685,1,2024,"’s name (employer, if for a single-employer plan) 2b Employer Identification",1b Three-digit plan,
,,,,,,,21,3,20251008102359NAL0009553392001.pdf,20251008102359NAL0009553392001,23-1352685,1,2024,"’s name (employer, if for a single-employer plan) 2b Employer Identification",1b Three-digit plan,
,,,,,,,29,6,20251008102359NAL0009553392001.pdf,20251008102359NAL0009553392001,23-1352685,1,2024,"’s name (employer, if for a single-employer plan) 2b Employer Identification",1b Three-digit plan,
,,,,,,,29,8,20251008102359NAL0009553392001.pdf,20251008102359NAL0009553392001,23-1352685,1,2024,"’s name (employer, if for a single-employer plan) 2b Employer Identification",1b Three-digit plan,
,,,,,,,29,10,20251008102359NAL0009553392001.pdf,20251008102359NAL0009553392001,23-1352685,1,2024,"’s name (employer, if for a single-employer plan) 2b Employer Identification",1b Three-digit plan,
,,,,•,,,29,3,20251008102359NAL0009553392001.pdf,20251008102359NAL0009553392001,23-1352685,1,2024,"’s name (employer, if for a single-employer plan) 2b Employer Identification",1b Three-digit plan,
,,,,•,,,29,7,20251008102359NAL0009553392001.pdf,20251008102359NAL0009553392001,23-1352685,1,2024,"’s name (employer, if for a single-employer plan) 2b Employer Identification",1b Three-digit plan,
Total assets held at end of year,,,,,"6,947,975,656",,40,40,20251008102359NAL0009553392001.pdf,20251008102359NAL0009553392001,23-1352685,1,2024,"’s name (employer, if for a single-employer plan) 2b Employer Identification",1b Three-digit plan,
,,,,,,,11,7,20251008163343NAL0003432819001.pdf,20251008163343NAL0003432819001,13-4013710,1,2024,"’s name (employer, if for a single-employer plan) 2b Employer Identification",1b Three-digit plan,
,,,,,,,16,1,20251008163343NAL0003432819001.pdf,20251008163343NAL0003432819001,13-4013710,1,2024,"’s name (employer, if for a single-employer plan) 2b Employer Identification",1b Three-digit plan,
,,,,,,,16,6,20251008163343NAL0003432819001.pdf,20251008163343NAL0003432819001,13-4013710,1,2024,"’s name (employer, if for a single-employer plan) 2b Employer Identification",1b Three-digit plan,
,,,,,,,16,8,20251008163343NAL0003432819001.pdf,20251008163343NAL0003432819001,13-4013710,1,2024,"’s name (employer, if for a single-employer plan) 2b Employer Identification",1b Three-digit plan,
,,,,,,,16,10,20251008163343NAL0003432819001.pdf,20251008163343NAL0003432819001,13-4013710,1,2024,"’s name (employer, if for a single-employer plan) 2b Employer Identification",1b Three-digit plan,
,,,,,,,16,12,20251008163343NAL0003432819001.pdf,20251008163343NAL0003432819001,13-4013710,1,2024,"’s name (employer, if for a single-employer plan) 2b Employer Identification",1b Three-digit plan,
,,,5b(1) Name of plan(s),,,,18,2,20251008163343NAL0003432819001.pdf,20251008163343NAL0003432819001,13-4013710,1,2024,"’s name (employer, if for a single-employer plan) 2b Employer Identification",1b Three-digit plan,
,,,,,,,18,3,20251008163343NAL0003432819001.pdf,20251008163343NAL0003432819001,13-4013710,1,2024,"’s name (employer, if for a single-employer plan) 2b Employer Identification",1b Three-digit plan,
,,,ABCDEFGHI ABCDEFGHI ABCDEFGHI ABCDEFGHI ABCDEFGHI ABCDEFGHI,,,,18,4,20251008163343NAL0003432819001.pdf,20251008163343NAL0003432819001,13-4013710,1,2024,"’s name (employer, if for a single-employer plan) 2b Employer Identification",1b Three-digit plan,
,,,ABCDEFGHI ABCDEFGHI ABCDEFGHI ABCDEFGHI ABCDEFGHI ABCDEFGHI,,,,18,6,20251008163343NAL0003432819001.pdf,20251008163343NAL0003432819001,13-4013710,1,2024,"’s name (employer, if for a single-employer plan) 2b Employer Identification",1b Three-digit plan,
,,,ABCDEFGHI ABCDEFGHI ABCDEFGHI ABCDEFGHI ABCDEFGHI ABCDEFGHII,,,,18,8,20251008163343NAL0003432819001.pdf,20251008163343NAL0003432819001,13-4013710,1,2024,"’s name (employer, if for a single-employer plan) 2b Employer Identification",1b Three-digit plan,
,,,,,,,32,4,20251008163343NAL0003432819001.pdf,20251008163343NAL0003432819001,13-4013710,1,2024,"’s name (employer, if for a single-employer plan) 2b Employer Identification",1b Three-digit plan,
,,,,,,,32,8,20251008163343NAL0003432819001.pdf,20251008163343NAL0003432819001,13-4013710,1,2024,"’s name (employer, if for a single-employer plan) 2b Employer Identification",1b Three-digit plan,
,,,,,,,16,7,20251009122116NAL0011444720001.pdf,20251009122116NAL0011444720001,06-0646973,162,2024,"’s name (employer, if for a single-employer plan) 2b Employer Identification",1b Three-digit plan,
,,,,,,,21,6,20251009122116NAL0011444720001.pdf,20251009122116NAL0011444720001,06-0646973,162,2024,"’s name (employer, if for a single-employer plan) 2b Employer Identification",1b Three-digit plan,
,,,,,,,21,8,20251009122116NAL0011444720001.pdf,20251009122116NAL0011444720001,06-0646973,162,2024,"’s name (employer, if for a single-employer plan) 2b Employer Identification",1b Three-digit plan,
,,,,,,,21,10,20251009122116NAL0011444720001.pdf,20251009122116NAL0011444720001,06-0646973,162,2024,"’s name (employer, if for a single-employer plan) 2b Employer Identification",1b Three-digit plan,
,,,,,,,21,12,20251009122116NAL0011444720001.pdf,20251009122116NAL0011444720001,06-0646973,162,2024,"’s name (employer, if for a single-employer plan) 2b Employer Identification",1b Three-digit plan,
Total Insurance Company General Account Contracts,,Insurance General Account,,,"2,483,083,477",,43,4,20251009122116NAL0011444720001.pdf,20251009122116NAL0011444720001,06-0646973,162,2024,"’s name (employer, if for a single-employer plan) 2b Employer Identification",1b Three-digit plan,
Total Pooled Separate Account,,Commingled Fund,,,"137,654,380",,43,7,20251009122116NAL0011444720001.pdf,20251009122116NAL0011444720001,06-0646973,162,2024,"’s name (employer, if for a single-employer plan) 2b Employer Identification",1b Three-digit plan,
Total Self-Directed Accounts,,,,,"294,626,228",,43,29,20251009122116NAL0011444720001.pdf,20251009122116NAL0011444720001,06-0646973,162,2024,"’s name (employer, if for a single-employer plan) 2b Employer Identification",1b Three-digit plan,
Total Participant Loan Fund,,Participant Loan,,,"22,863,260",,43,32,20251009122116NAL0011444720001.pdf,20251009122116NAL0011444720001,06-0646973,162,2024,"’s name (employer, if for a single-employer plan) 2b Employer Identification",1b Three-digit plan,
Total Investments,,,,,"$ 8,343,162,149",,43,33,20251009122116NAL0011444720001.pdf,20251009122116NAL0011444720001,06-0646973,162,2024,"’s name (employer, if for a single-employer plan) 2b Employer Identification",1b Three-digit plan,
,,,,,,,52,7,20251010091018NAL0017491794001.pdf,20251010091018NAL0017491794001,13-1624096,001,2024,"’s name (employer, if for a single-employer plan) 2b Employer Identification",1b Three-digit plan,
,,,,,,,60,3,20251010091018NAL0017491794001.pdf,20251010091018NAL0017491794001,13-1624096,001,2024,"’s name (employer, if for a single-employer plan) 2b Employer Identification",1b Three-digit plan,
,,,,,,,61,11,20251010091018NAL0017491794001.pdf,20251010091018NAL0017491794001,13-1624096,001,2024,"’s name (employer, if for a single-employer plan) 2b Employer Identification",1b Three-digit plan,
,,,,the information in the supplemental schedules related to assets held by and certified to by qualified,,,67,4,20251010091018NAL0017491794001.pdf,20251010091018NAL0017491794001,13-1624096,001,2024,"’s name (employer, if for a single-employer plan) 2b Employer Identification",1b Three-digit plan,
Total Group Annuity Contracts,,Group Annuity Contract,,,"421,102,406",,82,6,20251010091018NAL0017491794001.pdf,20251010091018NAL0017491794001,13-1624096,001,2024,"’s name (employer, if for a single-employer plan) 2b Employer Identification",1b Three-digit plan,
Total CREF Registered Investment Companies,,Mutual Fund,,,"1,160,281,589",,82,16,20251010091018NAL0017491794001.pdf,20251010091018NAL0017491794001,13-1624096,001,2024,"’s name (employer, if for a single-employer plan) 2b Employer Identification",1b Three-digit plan,
,,Mutual Fund,,,,,83,1,20251010091018NAL0017491794001.pdf,20251010091018NAL0017491794001,13-1624096,001,2024,"’s name (employer, if for a single-employer plan) 2b Employer Identification",1b Three-digit plan,
,,Mutual Fund,,,,,83,2,20251010091018NAL0017491794001.pdf,20251010091018NAL0017491794001,13-1624096,001,2024,"’s name (employer, if for a single-employer plan) 2b Employer Identification",1b Three-digit plan,
,,Mutual Fund,,,,,83,3,20251010091018NAL0017491794001.pdf,20251010091018NAL0017491794001,13-1624096,001,2024,"’s name (employer, if for a single-employer plan) 2b Employer Identification",1b Three-digit plan,
,,Mutual Fund,,,,,83,4,20251010091018NAL0017491794001.pdf,20251010091018NAL0017491794001,13-1624096,001,2024,"’s name (employer, if for a single-employer plan) 2b Employer Identification",1b Three-digit plan,
,,Mutual Fund,,,,,83,5,20251010091018NAL0017491794001.pdf,20251010091018NAL0017491794001,13-1624096,001,2024,"’s name (employer, if for a single-employer plan) 2b Employer Identification",1b Three-digit plan,
,,Mutual Fund,,,,,83,6,20251010091018NAL0017491794001.pdf,20251010091018NAL0017491794001,13-1624096,001,2024,"’s name (employer, if for a single-employer plan) 2b Employer Identification",1b Three-digit plan,
,,Mutual Fund,,,,,83,7,20251010091018NAL0017491794001.pdf,20251010091018NAL0017491794001,13-1624096,001,2024,"’s name (employer, if for a single-employer plan) 2b Employer Identification",1b Three-digit plan,
,,Mutual Fund,,,,,83,8,20251010091018NAL0017491794001.pdf,20251010091018NAL0017491794001,13-1624096,001,2024,"’s name (employer, if for a single-employer plan) 2b Employer Identification",1b Three-digit plan,
,,Mutual Fund,,,,,83,9,20251010091018NAL0017491794001.pdf,20251010091018NAL0017491794001,13-1624096,001,2024,"’s name (employer, if for a single-employer plan) 2b Employer Identification",1b Three-digit plan,
,,Mutual Fund,,,,,83,10,20251010091018NAL0017491794001.pdf,20251010091018NAL0017491794001,13-1624096,001,2024,"’s name (employer, if for a single-employer plan) 2b Employer Identification",1b Three-digit plan,
,,Mutual Fund,,,,,83,11,20251010091018NAL0017491794001.pdf,20251010091018NAL0017491794001,13-1624096,001,2024,"’s name (employer, if for a single-employer plan) 2b Employer Identification",1b Three-digit plan,
,,Mutual Fund,,,,,83,12,20251010091018NAL0017491794001.pdf,20251010091018NAL0017491794001,13-1624096,001,2024,"’s name (employer, if for a single-employer plan) 2b Employer Identification",1b Three-digit plan,
,,Mutual Fund,,,,,83,13,20251010091018NAL0017491794001.pdf,20251010091018NAL0017491794001,13-1624096,001,2024,"’s name (employer, if for a single-employer plan) 2b Employer Identification",1b Three-digit plan,
,,Mutual Fund,,,,,83,14,20251010091018NAL0017491794001.pdf,20251010091018NAL0017491794001,13-1624096,001,2024,"’s name (employer, if for a single-employer plan) 2b Employer Identification",1b Three-digit plan,
Total Mutual Funds,,Mutual Fund,,,"5,900,810,892",,83,37,20251010091018NAL0017491794001.pdf,20251010091018NAL0017491794001,13-1624096,001,2024,"’s name (employer, if for a single-employer plan) 2b Employer Identification",1b Three-digit plan,
Total Mutual Funds,,Mutual Fund,,,"5,900,810,892",,83,37,20251010091018NAL0017491794001.pdf,20251010091018NAL0017491794001,13-1624096,001,2024,"’s name (employer, if for a single-employer plan) 2b Employer Identification",1b Three-digit plan,
Total Pooled Separate Accounts,,Commingled Fund,,,"109,700,410",,84,12,20251010091018NAL0017491794001.pdf,20251010091018NAL0017491794001,13-1624096,001,2024,"’s name (employer, if for a single-employer plan) 2b Employer Identification",1b Three-digit plan,
Total Fully-Benefit Responsive Contracts,,Stable Value Fund,,,"1,185,323,977",,84,21,20251010091018NAL0017491794001.pdf,20251010091018NAL0017491794001,13-1624096,001,2024,"’s name (employer, if for a single-employer plan) 2b Employer Identification",1b Three-digit plan,
,,,,,,,10,7,20251010135251NAL0018754754001.pdf,20251010135251NAL0018754754001,20-2777218,2,2024,"’s name (employer, if for a single-employer plan) 2b Employer Identification",1b Three-digit plan,
,,,,,,,15,6,20251010135251NAL0018754754001.pdf,20251010135251NAL0018754754001,20-2777218,2,2024,"’s name (employer, if for a single-employer plan) 2b Employer Identification",1b Three-digit plan,
,,,,,,,15,8,20251010135251NAL0018754754001.pdf,20251010135251NAL0018754754001,20-2777218,2,2024,"’s name (employer, if for a single-employer plan) 2b Employer Identification",1b Three-digit plan,
,,,,,,,15,12,20251010135251NAL0018754754001.pdf,20251010135251NAL0018754754001,20-2777218,2,2024,"’s name (employer, if for a single-employer plan) 2b Employer Identification",1b Three-digit plan,
,,,5b(1) Name of plan(s),,,,17,2,20251010135251NAL0018754754001.pdf,20251010135251NAL0018754754001,20-2777218,2,2024,"’s name (employer, if for a single-employer plan) 2b Employer Identification",1b Three-digit plan,
,,,,,,,17,3,20251010135251NAL0018754754001.pdf,20251010135251NAL0018754754001,20-2777218,2,2024,"’s name (employer, if for a single-employer plan) 2b Employer Identification",1b Three-digit plan,
,,,ABCDEFGHI ABCDEFGHI ABCDEFGHI ABCDEFGHI ABCDEFGHI ABCDEFGHI,,,,17,4,20251010135251NAL0018754754001.pdf,20251010135251NAL0018754754001,20-2777218,2,2024,"’s name (employer, if for a single-employer plan) 2b Employer Identification",1b Three-digit plan,
,,,ABCDEFGHI ABCDEFGHI ABCDEFGHI ABCDEFGHI ABCDEFGHI ABCDEFGHI,,,,17,6,20251010135251NAL0018754754001.pdf,20251010135251NAL0018754754001,20-2777218,2,2024,"’s name (employer, if for a single-employer plan) 2b Employer Identification",1b Three-digit plan,
,,,ABCDEFGHI ABCDEFGHI ABCDEFGHI ABCDEFGHI ABCDEFGHI ABCDEFGHII,,,,17,8,20251010135251NAL0018754754001.pdf,20251010135251NAL0018754754001,20-2777218,2,2024,"’s name (employer, if for a single-employer plan) 2b Employer Identification",1b Three-digit plan,
,,,,,,,18,11,20251010135251NAL0018754754001.pdf,20251010135251NAL0018754754001,20-2777218,2,2024,"’s name (employer, if for a single-employer plan) 2b Employer Identification",1b Three-digit plan,
,,,,,,,34,3,20251010135251NAL0018754754001.pdf,20251010135251NAL0018754754001,20-2777218,2,2024,"’s name (employer, if for a single-employer plan) 2b Employer Identification",1b Three-digit plan,
,,,,,,,34,5,20251010135251NAL0018754754001.pdf,20251010135251NAL0018754754001,20-2777218,2,2024,"’s name (employer, if for a single-employer plan) 2b Employer Identification",1b Three-digit plan,
,,,,,,,34,6,20251010135251NAL0018754754001.pdf,20251010135251NAL0018754754001,20-2777218,2,2024,"’s name (employer, if for a single-employer plan) 2b Employer Identification",1b Three-digit plan,
,,,,,,,34,7,20251010135251NAL0018754754001.pdf,20251010135251NAL0018754754001,20-2777218,2,2024,"’s name (employer, if for a single-employer plan) 2b Employer Identification",1b Three-digit plan,
,,,,,,,34,8,20251010135251NAL0018754754001.pdf,20251010135251NAL0018754754001,20-2777218,2,2024,"’s name (employer, if for a single-employer plan) 2b Employer Identification",1b Three-digit plan,
Total Institutional Funds,,Mutual Fund,,,"5,575,809",,35,20,20251010135251NAL0018754754001.pdf,20251010135251NAL0018754754001,20-2777218,2,2024,"’s name (employer, if for a single-employer plan) 2b Employer Identification",1b Three-digit plan,
Total Commingled Funds,,Commingled Fund,,,"2,920,569",,35,25,20251010135251NAL0018754754001.pdf,20251010135251NAL0018754754001,20-2777218,2,2024,"’s name (employer, if for a single-employer plan) 2b Employer Identification",1b Three-digit plan,
Total Common Collective Trust Funds,,Common/Collective Trust Fund,,,"479,341",,35,31,20251010135251NAL0018754754001.pdf,20251010135251NAL0018754754001,20-2777218,2,2024,"’s name (employer, if for a single-employer plan) 2b Employer Identification",1b Three-digit plan,
Total Investments,,Common/Collective Trust Fund,,,"11,119,333",,35,32,20251010135251NAL0018754754001.pdf,20251010135251NAL0018754754001,20-2777218,2,2024,"’s name (employer, if for a single-employer plan) 2b Employer Identification",1b Three-digit plan,
Total,,,,,"$ 11,260,891",,35,35,20251010135251NAL0018754754001.pdf,20251010135251NAL0018754754001,20-2777218,2,2024,"’s name (employer, if for a single-employer plan) 2b Employer Identification",1b Three-digit plan,
,,,,,,,36,3,20251010135251NAL0018754754001.pdf,20251010135251NAL0018754754001,20-2777218,2,2024,"’s name (employer, if for a single-employer plan) 2b Employer Identification",1b Three-digit plan,
,,,,,,,36,5,20251010135251NAL0018754754001.pdf,20251010135251NAL0018754754001,20-2777218,2,2024,"’s name (employer, if for a single-employer plan) 2b Employer Identification",1b Three-digit plan,
,,,,,,,36,6,20251010135251NAL0018754754001.pdf,20251010135251NAL0018754754001,20-2777218,2,2024,"’s name (employer, if for a single-employer plan) 2b Employer Identification",1b Three-digit plan,
,,,,,,,36,7,20251010135251NAL0018754754001.pdf,20251010135251NAL0018754754001,20-2777218,2,2024,"’s name (employer, if for a single-employer plan) 2b Employer Identification",1b Three-digit plan,
,,,,,,,36,8,20251010135251NAL0018754754001.pdf,20251010135251NAL0018754754001,20-2777218,2,2024,"’s name (employer, if for a single-employer plan) 2b Employer Identification",1b Three-digit plan,
Total Institutional Funds,,Mutual Fund,,,"5,575,809",,174,20,20251010135251NAL0018754754001.pdf,20251010135251NAL0018754754001,20-2777218,2,2024,"’s name (employer, if for a single-employer plan) 2b Employer Identification",1b Three-digit plan,
Total Commingled Funds,,Commingled Fund,,,"2,920,569",,174,25,20251010135251NAL0018754754001.pdf,20251010135251NAL0018754754001,20-2777218,2,2024,"’s name (employer, if for a single-employer plan) 2b Employer Identification",1b Three-digit plan,
Total Common Collective Trust Funds,,Common/Collective Trust Fund,,,"479,341",,174,31,20251010135251NAL0018754754001.pdf,20251010135251NAL0018754754001,20-2777218,2,2024,"’s name (employer, if for a single-employer plan) 2b Employer Identification",1b Three-digit plan,
Total Investments,,Common/Collective Trust Fund,,,"11,119,333",,174,32,20251010135251NAL0018754754001.pdf,20251010135251NAL0018754754001,20-2777218,2,2024,"’s name (employer, if for a single-employer plan) 2b Employer Identification",1b Three-digit plan,
Total,,,,,"$ 11,260,891",,174,35,20251010135251NAL0018754754001.pdf,20251010135251NAL0018754754001,20-2777218,2,2024,"’s name (employer, if for a single-employer plan) 2b Employer Identification",1b Three-digit plan,
,,,,,,,12,7,20251010165504NAL0008042401001.pdf,20251010165504NAL0008042401001,,001,2024,,,
,,,,,,,19,3,20251010165504NAL0008042401001.pdf,20251010165504NAL0008042401001,,001,2024,,,
,,,,,,,20,11,20251010165504NAL0008042401001.pdf,20251010165504NAL0008042401001,,001,2024,,,
,,,Contributions,corrected pending,,,38,1,20251010165504NAL0008042401001.pdf,20251010165504NAL0008042401001,,001,2024,,,
,,,transferred,outside correction,,,38,2,20251010165504NAL0008042401001.pdf,20251010165504NAL0008042401001,,001,2024,,,
,,,late to plan,VFCP in VFCP,,,38,3,20251010165504NAL0008042401001.pdf,20251010165504NAL0008042401001,,001,2024,,,
,,,"$ 5,313","$ 5,313",,,38,4,20251010165504NAL0008042401001.pdf,20251010165504NAL0008042401001,,001,2024,,,
,,,,,,,54,7,20251010175027NAL0008070449001 (1).pdf,20251010175027NAL0008070449001 (1),,001,2024,,,
,,,,,,,59,1,20251010175027NAL0008070449001 (1).pdf,20251010175027NAL0008070449001 (1),,001,2024,,,
,,,,,,,59,6,20251010175027NAL0008070449001 (1).pdf,20251010175027NAL0008070449001 (1),,001,2024,,,
,,,,,,,59,8,20251010175027NAL0008070449001 (1).pdf,20251010175027NAL0008070449001 (1),,001,2024,,,
,,,,,,,59,18,20251010175027NAL0008070449001 (1).pdf,20251010175027NAL0008070449001 (1),,001,2024,,,
,,,,,,,61,3,20251010175027NAL0008070449001 (1).pdf,20251010175027NAL0008070449001 (1),,001,2024,,,
,,,,,,,54,7,20251010175027NAL0008070449001.pdf,20251010175027NAL0008070449001,,001,2024,,,
,,,,,,,59,1,20251010175027NAL0008070449001.pdf,20251010175027NAL0008070449001,,001,2024,,,
,,,,,,,59,6,20251010175027NAL0008070449001.pdf,20251010175027NAL0008070449001,,001,2024,,,
,,,,,,,59,8,20251010175027NAL0008070449001.pdf,20251010175027NAL0008070449001,,001,2024,,,
,,,,,,,59,18,20251010175027NAL0008070449001.pdf,20251010175027NAL0008070449001,,001,2024,,,
,,,,,,,61,3,20251010175027NAL0008070449001.pdf,20251010175027NAL0008070449001,,001,2024,,,
,,,,,,,62,11,20251010175027NAL0008070449001.pdf,20251010175027NAL0008070449001,,001,2024,,,
,,,,,,,63,7,20251012183704NAL0000863712001.pdf,20251012183704NAL0000863712001,34-0714585,001,2024,"’s name (employer, if for a single-employer plan) 2b Employer Identification",1b Three-digit plan,
,,,,,,,70,3,20251012183704NAL0000863712001.pdf,20251012183704NAL0000863712001,34-0714585,001,2024,"’s name (employer, if for a single-employer plan) 2b Employer Identification",1b Three-digit plan,
,,,,,,,71,11,20251012183704NAL0000863712001.pdf,20251012183704NAL0000863712001,34-0714585,001,2024,"’s name (employer, if for a single-employer plan) 2b Employer Identification",1b Three-digit plan,
,,,,The information in the supplemental schedule related to assets held by and certified to,,,78,4,20251012183704NAL0000863712001.pdf,20251012183704NAL0000863712001,34-0714585,001,2024,"’s name (employer, if for a single-employer plan) 2b Employer Identification",1b Three-digit plan,
,,,,,,,71,7,20251013093926NAL0001622304001.pdf,20251013093926NAL0001622304001,74-1563240,3,2024,"’s name (employer, if for a single-employer plan) 2b Employer Identification",1b Three-digit plan,
,,,,,,,76,1,20251013093926NAL0001622304001.pdf,20251013093926NAL0001622304001,74-1563240,3,2024,"’s name (employer, if for a single-employer plan) 2b Employer Identification",1b Three-digit plan,
,,,,,,,76,6,20251013093926NAL0001622304001.pdf,20251013093926NAL0001622304001,74-1563240,3,2024,"’s name (employer, if for a single-employer plan) 2b Employer Identification",1b Three-digit plan,
,,,,,,,76,8,20251013093926NAL0001622304001.pdf,20251013093926NAL0001622304001,74-1563240,3,2024,"’s name (employer, if for a single-employer plan) 2b Employer Identification",1b Three-digit plan,
,,,,,,,76,12,20251013093926NAL0001622304001.pdf,20251013093926NAL0001622304001,74-1563240,3,2024,"’s name (employer, if for a single-employer plan) 2b Employer Identification",1b Three-digit plan,
,,,,,,,78,2,20251013093926NAL0001622304001.pdf,20251013093926NAL0001622304001,74-1563240,3,2024,"’s name (employer, if for a single-employer plan) 2b Employer Identification",1b Three-digit plan,
,,,,,,,78,3,20251013093926NAL0001622304001.pdf,20251013093926NAL0001622304001,74-1563240,3,2024,"’s name (employer, if for a single-employer plan) 2b Employer Identification",1b Three-digit plan,
,,,,,,,78,4,20251013093926NAL0001622304001.pdf,20251013093926NAL0001622304001,74-1563240,3,2024,"’s name (employer, if for a single-employer plan) 2b Employer Identification",1b Three-digit plan,
,,,,,,,78,6,20251013093926NAL0001622304001.pdf,20251013093926NAL0001622304001,74-1563240,3,2024,"’s name (employer, if for a single-employer plan) 2b Employer Identification",1b Three-digit plan,
,,,,,,,78,8,20251013093926NAL0001622304001.pdf,20251013093926NAL0001622304001,74-1563240,3,2024,"’s name (employer, if for a single-employer plan) 2b Employer Identification",1b Three-digit plan,
,,,,,,,79,11,20251013093926NAL0001622304001.pdf,20251013093926NAL0001622304001,74-1563240,3,2024,"’s name (employer, if for a single-employer plan) 2b Employer Identification",1b Three-digit plan,
,,Stable Value Fund,,,"11,572,604,048",,99,39,20251013093926NAL0001622304001.pdf,20251013093926NAL0001622304001,74-1563240,3,2024,"’s name (employer, if for a single-employer plan) 2b Employer Identification",1b Three-digit plan,
,,Stable Value Fund,,,"11,572,604,048",,105,39,20251013093926NAL0001622304001.pdf,20251013093926NAL0001622304001,74-1563240,3,2024,"’s name (employer, if for a single-employer plan) 2b Employer Identification",1b Three-digit plan,
,,,,,,,14,7,20251013124617NAL0001248673001.pdf,20251013124617NAL0001248673001,,001,2024,,,
,,,,,,,19,1,20251013124617NAL0001248673001.pdf,20251013124617NAL0001248673001,,001,2024,,,
,,,,,,,19,6,20251013124617NAL0001248673001.pdf,20251013124617NAL0001248673001,,001,2024,,,
,,,,,,,19,8,20251013124617NAL0001248673001.pdf,20251013124617NAL0001248673001,,001,2024,,,
,,,,,,,19,10,20251013124617NAL0001248673001.pdf,20251013124617NAL0001248673001,,001,2024,,,
,,,,,,,19,12,20251013124617NAL0001248673001.pdf,20251013124617NAL0001248673001,,001,2024,,,
,,,,,,,21,3,20251013124617NAL0001248673001.pdf,20251013124617NAL0001248673001,,001,2024,,,
,,,,,,,10,7,20251013185008NAL0000908387001.pdf,20251013185008NAL0000908387001,25-1423657,998,2024,"’s name (employer, if for a single-employer plan) 2b Employer Identification",1b Three-digit plan,
,,,-123456789012345,,-123456789012345,,14,1,20251013185008NAL0000908387001.pdf,20251013185008NAL0000908387001,25-1423657,998,2024,"’s name (employer, if for a single-employer plan) 2b Employer Identification",1b Three-digit plan,
,,,-123456789012345,,-123456789012345,,14,3,20251013185008NAL0000908387001.pdf,20251013185008NAL0000908387001,25-1423657,998,2024,"’s name (employer, if for a single-employer plan) 2b Employer Identification",1b Three-digit plan,
,,,-123456789012345,,-123456789012345,,14,5,20251013185008NAL0000908387001.pdf,20251013185008NAL0000908387001,25-1423657,998,2024,"’s name (employer, if for a single-employer plan) 2b Employer Identification",1b Three-digit plan,
,1e Buildings and other property used in plan operation .................................... Total assets (add all amounts in lines 1a through 1e) ..................................,,,,-123456789012345,,14,6,20251013185008NAL0000908387001.pdf,20251013185008NAL0000908387001,25-1423657,998,2024,"’s name (employer, if for a single-employer plan) 2b Employer Identification",1b Three-digit plan,
,,,-123456789012345,,-123456789012345,,14,10,20251013185008NAL0000908387001.pdf,20251013185008NAL0000908387001,25-1423657,998,2024,"’s name (employer, if for a single-employer plan) 2b Employer Identification",1b Three-digit plan,
,,,-123456789012345,,-123456789012345,,14,18,20251013185008NAL0000908387001.pdf,20251013185008NAL0000908387001,25-1423657,998,2024,"’s name (employer, if for a single-employer plan) 2b Employer Identification",1b Three-digit plan,
,,,,,,,15,6,20251013185008NAL0000908387001.pdf,20251013185008NAL0000908387001,25-1423657,998,2024,"’s name (employer, if for a single-employer plan) 2b Employer Identification",1b Three-digit plan,
,,,,,,,17,3,20251013185008NAL0000908387001.pdf,20251013185008NAL0000908387001,25-1423657,998,2024,"’s name (employer, if for a single-employer plan) 2b Employer Identification",1b Three-digit plan,
Total investments,,,,,"9,229,061,234",,20,27,20251013185008NAL0000908387001.pdf,20251013185008NAL0000908387001,25-1423657,998,2024,"’s name (employer, if for a single-employer plan) 2b Employer Identification",1b Three-digit plan,
,,,,,,,22,7,20251014102404NAL0005452210003.pdf,20251014102404NAL0005452210003,52-0595110,001,2024,"’s name (employer, if for a single-employer plan) 2b Employer Identification",1b Three-digit plan,
,,,-123456789012345,,-123456789012345,,26,1,20251014102404NAL0005452210003.pdf,20251014102404NAL0005452210003,52-0595110,001,2024,"’s name (employer, if for a single-employer plan) 2b Employer Identification",1b Three-digit plan,
,,,-123456789012345,,-123456789012345,,26,3,20251014102404NAL0005452210003.pdf,20251014102404NAL0005452210003,52-0595110,001,2024,"’s name (employer, if for a single-employer plan) 2b Employer Identification",1b Three-digit plan,
,,,-123456789012345,,-123456789012345,,26,5,20251014102404NAL0005452210003.pdf,20251014102404NAL0005452210003,52-0595110,001,2024,"’s name (employer, if for a single-employer plan) 2b Employer Identification",1b Three-digit plan,
,1e Buildings and other property used in plan operation .................................... Total assets (add all amounts in lines 1a through 1e) ..................................,,,,-123456789012345,,26,6,20251014102404NAL0005452210003.pdf,20251014102404NAL0005452210003,52-0595110,001,2024,"’s name (employer, if for a single-employer plan) 2b Employer Identification",1b Three-digit plan,
,,,-123456789012345,,-123456789012345,,26,10,20251014102404NAL0005452210003.pdf,20251014102404NAL0005452210003,52-0595110,001,2024,"’s name (employer, if for a single-employer plan) 2b Employer Identification",1b Three-digit plan,
,,,-123456789012345,,-123456789012345,,26,18,20251014102404NAL0005452210003.pdf,20251014102404NAL0005452210003,52-0595110,001,2024,"’s name (employer, if for a single-employer plan) 2b Employer Identification",1b Three-digit plan,
,,,,,,,27,1,20251014102404NAL0005452210003.pdf,20251014102404NAL0005452210003,52-0595110,001,2024,"’s name (employer, if for a single-employer plan) 2b Employer Identification",1b Three-digit plan,
,,,,,,,27,6,20251014102404NAL0005452210003.pdf,20251014102404NAL0005452210003,52-0595110,001,2024,"’s name (employer, if for a single-employer plan) 2b Employer Identification",1b Three-digit plan,
,,,,,,,27,8,20251014102404NAL0005452210003.pdf,20251014102404NAL0005452210003,52-0595110,001,2024,"’s name (employer, if for a single-employer plan) 2b Employer Identification",1b Three-digit plan,
,,,,,,,29,1,20251014102404NAL0005452210003.pdf,20251014102404NAL0005452210003,52-0595110,001,2024,"’s name (employer, if for a single-employer plan) 2b Employer Identification",1b Three-digit plan,
,,,,,,,29,2,20251014102404NAL0005452210003.pdf,20251014102404NAL0005452210003,52-0595110,001,2024,"’s name (employer, if for a single-employer plan) 2b Employer Identification",1b Three-digit plan,
,,,,,,,29,3,20251014102404NAL0005452210003.pdf,20251014102404NAL0005452210003,52-0595110,001,2024,"’s name (employer, if for a single-employer plan) 2b Employer Identification",1b Three-digit plan,
,,,,,,,29,5,20251014102404NAL0005452210003.pdf,20251014102404NAL0005452210003,52-0595110,001,2024,"’s name (employer, if for a single-employer plan) 2b Employer Identification",1b Three-digit plan,
,,,,,,,29,7,20251014102404NAL0005452210003.pdf,20251014102404NAL0005452210003,52-0595110,001,2024,"’s name (employer, if for a single-employer plan) 2b Employer Identification",1b Three-digit plan,
,,,,,,,30,11,20251014102404NAL0005452210003.pdf,20251014102404NAL0005452210003,52-0595110,001,2024,"’s name (employer, if for a single-employer plan) 2b Employer Identification",1b Three-digit plan,
,,,,,,,36,7,20251014102404NAL0005452210003.pdf,20251014102404NAL0005452210003,52-0595110,001,2024,"’s name (employer, if for a single-employer plan) 2b Employer Identification",1b Three-digit plan,
,,,,,,,36,11,20251014102404NAL0005452210003.pdf,20251014102404NAL0005452210003,52-0595110,001,2024,"’s name (employer, if for a single-employer plan) 2b Employer Identification",1b Three-digit plan,
,,,,•,,,36,3,20251014102404NAL0005452210003.pdf,20251014102404NAL0005452210003,52-0595110,001,2024,"’s name (employer, if for a single-employer plan) 2b Employer Identification",1b Three-digit plan,
,,,,•,,,36,7,20251014102404NAL0005452210003.pdf,20251014102404NAL0005452210003,52-0595110,001,2024,"’s name (employer, if for a single-employer plan) 2b Employer Identification",1b Three-digit plan,
Total TIAA-CREF – Annuity accounts,,,,,"854,069,464",,37,6,20251014102404NAL0005452210003.pdf,20251014102404NAL0005452210003,52-0595110,001,2024,"’s name (employer, if for a single-employer plan) 2b Employer Identification",1b Three-digit plan,
Total VALIC – Annuity accounts,,,,,"9,421,573",,37,9,20251014102404NAL0005452210003.pdf,20251014102404NAL0005452210003,52-0595110,001,2024,"’s name (employer, if for a single-employer plan) 2b Employer Identification",1b Three-digit plan,
Total Annuity accounts,,,,,"863,491,037",,37,10,20251014102404NAL0005452210003.pdf,20251014102404NAL0005452210003,52-0595110,001,2024,"’s name (employer, if for a single-employer plan) 2b Employer Identification",1b Three-digit plan,
Total TIAA-CREF Registered investment companies,,Mutual Fund,,,"7,694,866,774",,38,9,20251014102404NAL0005452210003.pdf,20251014102404NAL0005452210003,52-0595110,001,2024,"’s name (employer, if for a single-employer plan) 2b Employer Identification",1b Three-digit plan,
Total VALIC – Registered investment companies,,Mutual Fund,,,"48,224,022",,39,3,20251014102404NAL0005452210003.pdf,20251014102404NAL0005452210003,52-0595110,001,2024,"’s name (employer, if for a single-employer plan) 2b Employer Identification",1b Three-digit plan,
Total registered investment companies,,Mutual Fund,,,"7,743,090,796",,39,4,20251014102404NAL0005452210003.pdf,20251014102404NAL0005452210003,52-0595110,001,2024,"’s name (employer, if for a single-employer plan) 2b Employer Identification",1b Three-digit plan,
Subtotal investments,,,,,"8,781,347,411",,39,5,20251014102404NAL0005452210003.pdf,20251014102404NAL0005452210003,52-0595110,001,2024,"’s name (employer, if for a single-employer plan) 2b Employer Identification",1b Three-digit plan,
Subtotal assets,9.50% with maturities through 2037,,,,"13,433,337",,39,8,20251014102404NAL0005452210003.pdf,20251014102404NAL0005452210003,52-0595110,001,2024,"’s name (employer, if for a single-employer plan) 2b Employer Identification",1b Three-digit plan,
Total assets,,,,,"8,794,780,748",,39,9,20251014102404NAL0005452210003.pdf,20251014102404NAL0005452210003,52-0595110,001,2024,"’s name (employer, if for a single-employer plan) 2b Employer Identification",1b Three-digit plan,
,,,,,,,45,7,20251014102404NAL0005452210003.pdf,20251014102404NAL0005452210003,52-0595110,001,2024,"’s name (employer, if for a single-employer plan) 2b Employer Identification",1b Three-digit plan,
,,,,,,,45,11,20251014102404NAL0005452210003.pdf,20251014102404NAL0005452210003,52-0595110,001,2024,"’s name (employer, if for a single-employer plan) 2b Employer Identification",1b Three-digit plan,
,,,,•,,,45,3,20251014102404NAL0005452210003.pdf,20251014102404NAL0005452210003,52-0595110,001,2024,"’s name (employer, if for a single-employer plan) 2b Employer Identification",1b Three-digit plan,
,,,,•,,,45,7,20251014102404NAL0005452210003.pdf,20251014102404NAL0005452210003,52-0595110,001,2024,"’s name (employer, if for a single-employer plan) 2b Employer Identification",1b Three-digit plan,
Total TIAA-CREF – Annuity accounts,,,,,"854,069,464",,63,6,20251014102404NAL0005452210003.pdf,20251014102404NAL0005452210003,52-0595110,001,2024,"’s name (employer, if for a single-employer plan) 2b Employer Identification",1b Three-digit plan,
Total VALIC – Annuity accounts,,,,,"9,421,573",,63,9,20251014102404NAL0005452210003.pdf,20251014102404NAL0005452210003,52-0595110,001,2024,"’s name (employer, if for a single-employer plan) 2b Employer Identification",1b Three-digit plan,
Total Annuity accounts,,,,,"863,491,037",,63,10,20251014102404NAL0005452210003.pdf,20251014102404NAL0005452210003,52-0595110,001,2024,"’s name (employer, if for a single-employer plan) 2b Employer Identification",1b Three-digit plan,
Total TIAA-CREF Registered investment companies,,Mutual Fund,,,"7,694,866,774",,64,9,20251014102404NAL0005452210003.pdf,20251014102404NAL0005452210003,52-0595110,001,2024,"’s name (employer, if for a single-employer plan) 2b Employer Identification",1b Three-digit plan,
Total VALIC – Registered investment companies,,Mutual Fund,,,"48,224,022",,65,3,20251014102404NAL0005452210003.pdf,20251014102404NAL0005452210003,52-0595110,001,2024,"’s name (employer, if for a single-employer plan) 2b Employer Identification",1b Three-digit plan,
Total registered investment companies,,Mutual Fund,,,"7,743,090,796",,65,4,20251014102404NAL0005452210003.pdf,20251014102404NAL0005452210003,52-0595110,001,2024,"’s name (employer, if for a single-employer plan) 2b Employer Identification",1b Three-digit plan,
Subtotal investments,,,,,"8,781,347,411",,65,5,20251014102404NAL0005452210003.pdf,20251014102404NAL0005452210003,52-0595110,001,2024,"’s name (employer, if for a single-employer plan) 2b Employer Identification",1b Three-digit plan,
Subtotal assets,9.50% with maturities through 2037,,,,"13,433,337",,65,8,20251014102404NAL0005452210003.pdf,20251014102404NAL0005452210003,52-0595110,001,2024,"’s name (employer, if for a single-employer plan) 2b Employer Identification",1b Three-digit plan,
Total assets,,,,,"8,794,780,748",,65,9,20251014102404NAL0005452210003.pdf,20251014102404NAL0005452210003,52-0595110,001,2024,"’s name (employer, if for a single-employer plan) 2b Employer Identification",1b Three-digit plan,
,,,,,,,14,7,20251014113913NAL0001318755001.pdf,20251014113913NAL0001318755001,,001,2024,,,
,,,,,,,21,3,20251014113913NAL0001318755001.pdf,20251014113913NAL0001318755001,,001,2024,,,
Total Mutual Funds,,Mutual Fund,,,"$ 6,519,862",,39,27,20251014113913NAL0001318755001.pdf,20251014113913NAL0001318755001,,001,2024,,,
Total Pooled Separate Accounts,,Mutual Fund,,,"$ 4,259,312",,40,13,20251014113913NAL0001318755001.pdf,20251014113913NAL0001318755001,,001,2024,,,
Total Synthetic GICs,,Common/Collective Trust Fund,,,"$ 82,333",,40,19,20251014113913NAL0001318755001.pdf,20251014113913NAL0001318755001,,001,2024,,,
Separate Account GIC,TOTAL PLAN ASSETS,Common/Collective Trust Fund,,,"$ 11,938,678",,40,20,20251014113913NAL0001318755001.pdf,20251014113913NAL0001318755001,,001,2024,,,
Total Mutual Funds,,Mutual Fund,,,"$ 6,519,862",,41,27,20251014113913NAL0001318755001.pdf,20251014113913NAL0001318755001,,001,2024,,,
Total Pooled Separate Accounts,,Mutual Fund,,,"$ 4,259,312",,42,13,20251014113913NAL0001318755001.pdf,20251014113913NAL0001318755001,,001,2024,,,
Total Synthetic GICs,,Common/Collective Trust Fund,,,"$ 82,333",,42,19,20251014113913NAL0001318755001.pdf,20251014113913NAL0001318755001,,001,2024,,,
Separate Account GIC,TOTAL PLAN ASSETS,Common/Collective Trust Fund,,,"$ 11,938,678",,42,20,20251014113913NAL0001318755001.pdf,20251014113913NAL0001318755001,,001,2024,,,
,,,,,,,14,7,20251014151935NAL0001602227001 (1).pdf,20251014151935NAL0001602227001 (1),13-1924236,5,2024,"’s name (employer, if for a single-employer plan) 2b Employer Identification",1b Three-digit plan,
,,,,,,,21,3,20251014151935NAL0001602227001 (1).pdf,20251014151935NAL0001602227001 (1),13-1924236,5,2024,"’s name (employer, if for a single-employer plan) 2b Employer Identification",1b Three-digit plan,
,,,,,,,14,7,20251014151935NAL0001602227001.pdf,20251014151935NAL0001602227001,13-1924236,5,2024,"’s name (employer, if for a single-employer plan) 2b Employer Identification",1b Three-digit plan,
,,,,,,,21,3,20251014151935NAL0001602227001.pdf,20251014151935NAL0001602227001,13-1924236,5,2024,"’s name (employer, if for a single-employer plan) 2b Employer Identification",1b Three-digit plan,
,,,,,,,20,7,20251014195156NAL0003665937004.pdf,20251014195156NAL0003665937004,58-0566256,5182,2024,"’s name (employer, if for a single-employer plan) 2b Employer Identification",1b Three-digit plan,
,,,,,,,25,1,20251014195156NAL0003665937004.pdf,20251014195156NAL0003665937004,58-0566256,5182,2024,"’s name (employer, if for a single-employer plan) 2b Employer Identification",1b Three-digit plan,
,,,,,,,25,6,20251014195156NAL0003665937004.pdf,20251014195156NAL0003665937004,58-0566256,5182,2024,"’s name (employer, if for a single-employer plan) 2b Employer Identification",1b Three-digit plan,
,,,,,,,25,8,20251014195156NAL0003665937004.pdf,20251014195156NAL0003665937004,58-0566256,5182,2024,"’s name (employer, if for a single-employer plan) 2b Employer Identification",1b Three-digit plan,
,,,,,,,25,10,20251014195156NAL0003665937004.pdf,20251014195156NAL0003665937004,58-0566256,5182,2024,"’s name (employer, if for a single-employer plan) 2b Employer Identification",1b Three-digit plan,
,,,,,,,25,12,20251014195156NAL0003665937004.pdf,20251014195156NAL0003665937004,58-0566256,5182,2024,"’s name (employer, if for a single-employer plan) 2b Employer Identification",1b Three-digit plan,
,,,,,,,28,11,20251014195156NAL0003665937004.pdf,20251014195156NAL0003665937004,58-0566256,5182,2024,"’s name (employer, if for a single-employer plan) 2b Employer Identification",1b Three-digit plan,
,,,,,,,60,7,20251015161711NAL0005099105001.pdf,20251015161711NAL0005099105001,11-3418133,3,2024,"’s name (employer, if for a single-employer plan) 2b Employer Identification",1b Three-digit plan,
,,,,,,,70,3,20251015161711NAL0005099105001.pdf,20251015161711NAL0005099105001,11-3418133,3,2024,"’s name (employer, if for a single-employer plan) 2b Employer Identification",1b Three-digit plan,
Total investments at contract value,,,,,,,98,2,20251015161711NAL0005099105001.pdf,20251015161711NAL0005099105001,11-3418133,3,2024,"’s name (employer, if for a single-employer plan) 2b Employer Identification",1b Three-digit plan,
Total assets held for investment purposes,,,,,,,98,4,20251015161711NAL0005099105001.pdf,20251015161711NAL0005099105001,11-3418133,3,2024,"’s name (employer, if for a single-employer plan) 2b Employer Identification",1b Three-digit plan,
,,,,,,,10,7,20251015172009NAL0002696307001.pdf,20251015172009NAL0002696307001,34-6565596,3142,2024,"’s name (employer, if for a single-employer plan) 2b Employer Identification",1b Three-digit plan,
,,,,,,,16,1,20251015172009NAL0002696307001.pdf,20251015172009NAL0002696307001,34-6565596,3142,2024,"’s name (employer, if for a single-employer plan) 2b Employer Identification",1b Three-digit plan,
,,,,,,,16,6,20251015172009NAL0002696307001.pdf,20251015172009NAL0002696307001,34-6565596,3142,2024,"’s name (employer, if for a single-employer plan) 2b Employer Identification",1b Three-digit plan,
,,,,,,,16,8,20251015172009NAL0002696307001.pdf,20251015172009NAL0002696307001,34-6565596,3142,2024,"’s name (employer, if for a single-employer plan) 2b Employer Identification",1b Three-digit plan,
,,,,,,,16,12,20251015172009NAL0002696307001.pdf,20251015172009NAL0002696307001,34-6565596,3142,2024,"’s name (employer, if for a single-employer plan) 2b Employer Identification",1b Three-digit plan,
,,,,,,,40,1,20251015172009NAL0002696307001.pdf,20251015172009NAL0002696307001,34-6565596,3142,2024,"’s name (employer, if for a single-employer plan) 2b Employer Identification",1b Three-digit plan,
,,,,,,,40,11,20251015172009NAL0002696307001.pdf,20251015172009NAL0002696307001,34-6565596,3142,2024,"’s name (employer, if for a single-employer plan) 2b Employer Identification",1b Three-digit plan,
,,,,"242,805","241,785",,42,5,20251015172009NAL0002696307001.pdf,20251015172009NAL0002696307001,34-6565596,3142,2024,"’s name (employer, if for a single-employer plan) 2b Employer Identification",1b Three-digit plan,
Total investments at fair value,,,,,"18,168,447,796",,42,6,20251015172009NAL0002696307001.pdf,20251015172009NAL0002696307001,34-6565596,3142,2024,"’s name (employer, if for a single-employer plan) 2b Employer Identification",1b Three-digit plan,
,,Participant Loan,3.25% to 9.50%,,"100,742,027",,42,8,20251015172009NAL0002696307001.pdf,20251015172009NAL0002696307001,34-6565596,3142,2024,"’s name (employer, if for a single-employer plan) 2b Employer Identification",1b Three-digit plan,
Total,,Participant Loan,,,"$ 18,269,189,823",,42,9,20251015172009NAL0002696307001.pdf,20251015172009NAL0002696307001,34-6565596,3142,2024,"’s name (employer, if for a single-employer plan) 2b Employer Identification",1b Three-digit plan,
,,,,,,,13,7,20251015184655NAL0007082016001 (2).pdf,20251015184655NAL0007082016001 (2),,001,2024,,,
,,,,,,,18,6,20251015184655NAL0007082016001 (2).pdf,20251015184655NAL0007082016001 (2),,001,2024,,,
,,,,,,,18,12,20251015184655NAL0007082016001 (2).pdf,20251015184655NAL0007082016001 (2),,001,2024,,,
,,,,,,,18,22,20251015184655NAL0007082016001 (2).pdf,20251015184655NAL0007082016001 (2),,001,2024,,,
,,,,,,,20,2,20251015184655NAL0007082016001 (2).pdf,20251015184655NAL0007082016001 (2),,001,2024,,,
,,,,,,,20,3,20251015184655NAL0007082016001 (2).pdf,20251015184655NAL0007082016001 (2),,001,2024,,,
,,,,,,,20,4,20251015184655NAL0007082016001 (2).pdf,20251015184655NAL0007082016001 (2),,001,2024,,,
,,,,,,,20,6,20251015184655NAL0007082016001 (2).pdf,20251015184655NAL0007082016001 (2),,001,2024,,,
,,,,,,,20,8,20251015184655NAL0007082016001 (2).pdf,20251015184655NAL0007082016001 (2),,001,2024,,,
TOTAL MUTUAL FUNDS,,Mutual Fund,,-,"5,105,531,114",,47,11,20251015184655NAL0007082016001 (2).pdf,20251015184655NAL0007082016001 (2),,001,2024,,,
TOTAL SELF DIRECTED BROKERAGE ACCOUNTS,,Self-Directed Brokerage Account,,-,"502,187,909",,47,14,20251015184655NAL0007082016001 (2).pdf,20251015184655NAL0007082016001 (2),,001,2024,,,
TOTAL INSTITUTIONAL-ONLY FUNDS,,,,-,"15,235,341,266",,47,37,20251015184655NAL0007082016001 (2).pdf,20251015184655NAL0007082016001 (2),,001,2024,,,
TOTAL GUARANTEED INVESTMENT CONTRACT,,,,-,"316,507,862",,47,40,20251015184655NAL0007082016001 (2).pdf,20251015184655NAL0007082016001 (2),,001,2024,,,
TOTAL SHORT-TERM SECURITIES,,,,-,"27,844,250",,47,45,20251015184655NAL0007082016001 (2).pdf,20251015184655NAL0007082016001 (2),,001,2024,,,
TOTAL LOANS TO MEMBERS,,,,-,"113,730,163",,47,51,20251015184655NAL0007082016001 (2).pdf,20251015184655NAL0007082016001 (2),,001,2024,,,
TOTAL INVESTMENTS,,,,-,"$21,301,142,564",,47,52,20251015184655NAL0007082016001 (2).pdf,20251015184655NAL0007082016001 (2),,001,2024,,,
,,,,,,,50,3,20251015184655NAL0007082016001 (2).pdf,20251015184655NAL0007082016001 (2),,001,2024,,,
,,,,,,,50,4,20251015184655NAL0007082016001 (2).pdf,20251015184655NAL0007082016001 (2),,001,2024,,,
,,,,,,,50,5,20251015184655NAL0007082016001 (2).pdf,20251015184655NAL0007082016001 (2),,001,2024,,,
,,,,,,,13,7,20251015184655NAL0007082016001 (3).pdf,20251015184655NAL0007082016001 (3),,001,2024,,,
,,,,,,,18,1,20251015184655NAL0007082016001 (3).pdf,20251015184655NAL0007082016001 (3),,001,2024,,,
,,,,,,,18,6,20251015184655NAL0007082016001 (3).pdf,20251015184655NAL0007082016001 (3),,001,2024,,,
,,,,,,,18,12,20251015184655NAL0007082016001 (3).pdf,20251015184655NAL0007082016001 (3),,001,2024,,,
,,,,,,,18,22,20251015184655NAL0007082016001 (3).pdf,20251015184655NAL0007082016001 (3),,001,2024,,,
,,,,,,,20,3,20251015184655NAL0007082016001 (3).pdf,20251015184655NAL0007082016001 (3),,001,2024,,,
,,,,,,,21,11,20251015184655NAL0007082016001 (3).pdf,20251015184655NAL0007082016001 (3),,001,2024,,,
TOTAL MUTUAL FUNDS,,Mutual Fund,,-,"5,105,531,114",,47,11,20251015184655NAL0007082016001 (3).pdf,20251015184655NAL0007082016001 (3),,001,2024,,,
TOTAL SELF DIRECTED BROKERAGE ACCOUNTS,,Self-Directed Brokerage Account,,-,"502,187,909",,47,14,20251015184655NAL0007082016001 (3).pdf,20251015184655NAL0007082016001 (3),,001,2024,,,
TOTAL INSTITUTIONAL-ONLY FUNDS,,,,-,"15,235,341,266",,47,37,20251015184655NAL0007082016001 (3).pdf,20251015184655NAL0007082016001 (3),,001,2024,,,
TOTAL GUARANTEED INVESTMENT CONTRACT,,,,-,"316,507,862",,47,40,20251015184655NAL0007082016001 (3).pdf,20251015184655NAL0007082016001 (3),,001,2024,,,
TOTAL SHORT-TERM SECURITIES,,,,-,"27,844,250",,47,45,20251015184655NAL0007082016001 (3).pdf,20251015184655NAL0007082016001 (3),,001,2024,,,
TOTAL LOANS TO MEMBERS,,,,-,"113,730,163",,47,51,20251015184655NAL0007082016001 (3).pdf,20251015184655NAL0007082016001 (3),,001,2024,,,
TOTAL INVESTMENTS,,,,-,"$21,301,142,564",,47,52,20251015184655NAL0007082016001 (3).pdf,20251015184655NAL0007082016001 (3),,001,2024,,,
,,,,,,,50,3,20251015184655NAL0007082016001 (3).pdf,20251015184655NAL0007082016001 (3),,001,2024,,,
,,,,,,,50,4,20251015184655NAL0007082016001 (3).pdf,20251015184655NAL0007082016001 (3),,001,2024,,,
,,,,,,,50,5,20251015184655NAL0007082016001 (3).pdf,20251015184655NAL0007082016001 (3),,001,2024,,,
,,,,,,,35,6,20251113121430NAL0001050211001.pdf,20251113121430NAL0001050211001,94-3025021,001,2024,"’s name (employer, if for a single-employer plan) 2b Employer Identification",1b Three-digit plan,
,,,,,,,35,8,20251113121430NAL0001050211001.pdf,20251113121430NAL0001050211001,94-3025021,001,2024,"’s name (employer, if for a single-employer plan) 2b Employer Identification",1b Three-digit plan,
,,,,,,,35,12,20251113121430NAL0001050211001.pdf,20251113121430NAL0001050211001,94-3025021,001,2024,"’s name (employer, if for a single-employer plan) 2b Employer Identification",1b Three-digit plan,
,,,,,,,37,3,20251113121430NAL0001050211001.pdf,20251113121430NAL0001050211001,94-3025021,001,2024,"’s name (employer, if for a single-employer plan) 2b Employer Identification",1b Three-digit plan,
,Total mutual funds,,,,"5,672,379,601",,54,20,20251113121430NAL0001050211001.pdf,20251113121430NAL0001050211001,94-3025021,001,2024,"’s name (employer, if for a single-employer plan) 2b Employer Identification",1b Three-digit plan,
,Total,Money Market Fund,,,"8,930,492,557",,54,26,20251113121430NAL0001050211001.pdf,20251113121430NAL0001050211001,94-3025021,001,2024,"’s name (employer, if for a single-employer plan) 2b Employer Identification",1b Three-digit plan,
